,Episode Name,Japanese Airdate,English Airdate,Char List,Opening,Ending,Arc,Rating
0,"""Enter: Naruto Uzumaki!""",3 October 2002,10 September 2005,"['Naruto Uzumaki', 'Sasuke Uchiha', 'Sakura Haruno', 'Third Hokage: Sarutobi', 'Iruka', 'Shikamaru Nara', 'Ino Yamanaka', 'Hinata Hyūga', 'Mizuki', 'Bekkō', 'Iwana', 'Yajirobee', 'Ibara', 'Tsubaki', ""Tobio's father"", ""Tobio's mother"", 'Iruka (boyhood)']","""R★O★C★K★S""","""Wind""",Prologue — Land of Waves,4.3
1,"""My Name is Konohamaru!""",10 October 2002,10 September 2005,"['Naruto Uzumaki', 'Konohamaru', 'Third Hokage: Sarutobi', 'Iruka', 'Ebisu', 'Genzō', 'Woman', 'Gal Naruto']","""R★O★C★K★S""","""Wind""",Prologue — Land of Waves,4.0
2,"""Sasuke and Sakura: Friends or Foes?""",17 October 2002,17 September 2005,"['Naruto Uzumaki', 'Sasuke Uchiha', 'Sakura Haruno', 'Kakashi Hatake', 'Iruka', 'Shikamaru Nara', 'Ino Yamanaka', 'Hinata Hyūga', 'Chōji Akimichi', 'Kiba Inuzuka', 'Third Hokage: Sarutobi', 'Konohamaru', 'Asuma Sarutobi', 'Kurenai Yūhi', 'Tobio', ""Sakura's mother"", 'Girl']","""R★O★C★K★S""","""Wind""",Prologue — Land of Waves,4.1
3,"""Pass or Fail: Survival Test""",24 October 2002,24 September 2005,"['Naruto Uzumaki', 'Sasuke Uchiha', 'Sakura Haruno', 'Kakashi Hatake', 'Iruka', 'Third Hokage: Sarutobi']","""R★O★C★K★S""","""Wind""",Prologue — Land of Waves,4.3
4,"""You Failed! Kakashi's Final Decision""",31 October 2002,1 October 2005,"['Naruto Uzumaki', 'Sasuke Uchiha', 'Sakura Haruno', 'Kakashi Hatake', 'Iruka', 'Third Hokage: Sarutobi']","""R★O★C★K★S""","""Wind""",Prologue — Land of Waves,4.3
5,"""A Dangerous Mission! Journey to the Land of Waves!""",7 November 2002,8 October 2005,"['Naruto Uzumaki', 'Sasuke Uchiha', 'Sakura Haruno', 'Kakashi Hatake', 'Iruka', 'Third Hokage: Sarutobi', 'Tazuna', 'Zabuza Momochi', 'Gatō', 'Meizu', 'Shijimi']","""R★O★C★K★S""","""Wind""",Prologue — Land of Waves,4.2
6,"""The Assassin of the Mist!""",14 November 2002,15 October 2005,"['Naruto Uzumaki', 'Sasuke Uchiha', 'Sakura Haruno', 'Kakashi Hatake', 'Zabuza Momochi', 'Tazuna', 'Kaji']","""R★O★C★K★S""","""Wind""",Prologue — Land of Waves,4.2
7,"""The Oath of Pain""",21 November 2002,22 October 2005,"['Naruto Uzumaki', 'Sasuke Uchiha', 'Sakura Haruno', 'Kakashi Hatake', 'Zabuza Momochi', 'Tazuna']","""R★O★C★K★S""","""Wind""",Prologue — Land of Waves,4.4
8,"""Kakashi: Sharingan Warrior!""",28 November 2002,29 October 2005,"['Naruto Uzumaki', 'Sasuke Uchiha', 'Sakura Haruno', 'Kakashi Hatake', 'Tazuna', 'Zabuza Momochi', 'Haku']","""R★O★C★K★S""","""Wind""",Prologue — Land of Waves,4.3
9,"""The Forest of Chakra""",5 December 2002,5 November 2005,"['Naruto Uzumaki', 'Sasuke Uchiha', 'Sakura Haruno', 'Kakashi Hatake', 'Tazuna', 'Tsunami', 'Inari', 'Zabuza Momochi', 'Haku', 'Gatō', 'Waraji', 'Zōri']","""R★O★C★K★S""","""Wind""",Prologue — Land of Waves,4.0
10,"""The Land Where a Hero Once Lived""",12 December 2002,12 November 2005,"['Naruto Uzumaki', 'Sasuke Uchiha', 'Sakura Haruno', 'Kakashi Hatake', 'Tazuna', 'Tsunami', 'Inari', 'Kaiza', 'Giichi', 'Gatō', 'Akane', 'Ageha', 'Waves townspeople']","""R★O★C★K★S""","""Wind""",Prologue — Land of Waves,4.0
11,"""Battle on the Bridge! Zabuza Returns!""",19 December 2002,19 November 2005,"['Naruto Uzumaki', 'Sasuke Uchiha', 'Sakura Haruno', 'Kakashi Hatake', 'Tazuna', 'Tsunami', 'Inari', 'Zabuza Momochi', 'Haku', 'Gatō', 'Kaiza']","""R★O★C★K★S""","""Wind""",Prologue — Land of Waves,4.2
12,"""Haku's Secret Jutsu: Demonic Mirroring Ice Crystals""",26 December 2002,26 November 2005,"['Naruto Uzumaki', 'Sasuke Uchiha', 'Sakura Haruno', 'Kakashi Hatake', 'Tazuna', 'Tsunami', 'Inari', 'Zabuza Momochi', 'Haku', 'Waraji', 'Zōri']","""R★O★C★K★S""","""Wind""",Prologue — Land of Waves,4.3
13,"""The Number One Hyperactive, Knucklehead Ninja Joins the Fight!""",9 January 2003,3 December 2005,"['Naruto Uzumaki', 'Sasuke Uchiha', 'Sakura Haruno', 'Kakashi Hatake', 'Tazuna', 'Zabuza Momochi', 'Haku', 'Narration']","""R★O★C★K★S""","""Wind""",Prologue — Land of Waves,3.8
14,"""Zero Visibility: The Sharingan Shatters""",16 January 2003,10 December 2005,"['Naruto Uzumaki', 'Sasuke Uchiha', 'Sakura Haruno', 'Kakashi Hatake', 'Tazuna', 'Zabuza Momochi', 'Haku']","""R★O★C★K★S""","""Wind""",Prologue — Land of Waves,4.0
15,"""The Broken Seal""",23 January 2003,17 December 2005,"['Naruto Uzumaki', 'Sasuke Uchiha', 'Sakura Haruno', 'Kakashi Hatake', 'Zabuza Momochi', 'Haku']","""R★O★C★K★S""","""Wind""",Prologue — Land of Waves,4.4
16,"""White Past: Hidden Ambition""",30 January 2003,31 December 2005,"['Naruto Uzumaki', 'Sasuke Uchiha', 'Sakura Haruno', 'Kakashi Hatake', 'Tazuna', 'Zabuza Momochi', 'Haku', ""Haku's mother""]","""R★O★C★K★S""","""Wind""",Prologue — Land of Waves,4.4
17,"""The Weapons Known as Shinobi""",6 February 2003,7 January 2006,"['Naruto Uzumaki', 'Sasuke Uchiha', 'Sakura Haruno', 'Kakashi Hatake', 'Tazuna', 'Tsunami', 'Inari', 'Kaiza', 'Zabuza Momochi', 'Haku', 'Gatō', 'Giichi', 'Agari']","""R★O★C★K★S""","""Wind""",Prologue — Land of Waves,4.3
18,"""The Demon in the Snow""",13 February 2003,14 January 2006,"['Naruto Uzumaki', 'Sasuke Uchiha', 'Sakura Haruno', 'Kakashi Hatake', 'Tazuna', 'Tsunami', 'Inari', 'Giichi', 'Gatō', ""Gatō's subordinates"", 'Zabuza Momochi', 'Haku']","""R★O★C★K★S""","""Wind""",Prologue — Land of Waves,4.7
19,"""A New Chapter Begins: The Chūnin Exam!""",20 February 2003,21 January 2006,"['Naruto Uzumaki', 'Sasuke Uchiha', 'Sakura Haruno', 'Kakashi Hatake', 'Iruka', 'Third Hokage: Sarutobi', 'Asuma Sarutobi', 'Kurenai Yūhi', 'Konohamaru', 'Moegi', 'Udon', 'Gaara', 'Temari', 'Kankurō', 'Ino Yamanaka', 'Shikamaru Nara', 'Chōji Akimichi', 'Hinata Hyūga', 'Kiba Inuzuka']","""R★O★C★K★S""","""Wind""",Chūnin Exams,4.0
20,"""Identify Yourself: Powerful New Rivals""",27 February 2003,28 January 2006,"['Naruto Uzumaki', 'Sasuke Uchiha', 'Sakura Haruno', 'Kakashi Hatake', 'Iruka', 'Third Hokage: Sarutobi', 'Asuma Sarutobi', 'Kurenai Yūhi', 'Gaara', 'Temari', 'Kankurō', 'Rock Lee', 'Neji Hyūga', 'Tenten', 'Konohamaru', 'Moegi', 'Udon', 'Kotetsu Hagane', 'Izumo Kamizuki', 'Zaku Abumi', 'Dosu Kinuta', 'Ame shinobi']","""R★O★C★K★S""","""Wind""",Chūnin Exams,4.1
21,"""Chūnin Challenge: Rock Lee vs. Sasuke!""",6 March 2003,4 February 2006,"['Naruto Uzumaki', 'Sasuke Uchiha', 'Sakura Haruno', 'Might Guy', 'Rock Lee', 'Neji Hyūga', 'Tenten', 'Ningame']","""R★O★C★K★S""","""Wind""",Chūnin Exams,4.2
22,"""Genin Takedown! All Nine Rookies Face Off!""",13 March 2003,11 February 2006,"['Naruto Uzumaki', 'Sasuke Uchiha', 'Sakura Haruno', 'Kakashi Hatake', 'Iruka', 'Third Hokage: Sarutobi', 'Might Guy', 'Gaara', 'Temari', 'Kankurō', 'Rock Lee', 'Neji Hyūga', 'Tenten', 'Kabuto Yakushi', 'Ibiki Morino', 'Shikamaru Nara', 'Ino Yamanaka', 'Chōji Akimichi', 'Hinata Hyūga', 'Shino Aburame', 'Kiba Inuzuka', 'Zaku Abumi', 'Dosu Kinuta', 'Kin']","""R★O★C★K★S""","""Wind""",Chūnin Exams,4.1
23,"""Start Your Engines: The Chūnin Exam Begins!""",20 March 2003,18 February 2006,"['Naruto Uzumaki', 'Sasuke Uchiha', 'Sakura Haruno', 'Gaara', 'Kankurō', 'Kabuto Yakushi', 'Ibiki Morino', 'Shikamaru Nara', 'Ino Yamanaka', 'Chōji Akimichi', 'Hinata Hyūga', 'Shino Aburame', 'Kiba Inuzuka', 'Neji Hyūga', 'Tenten', 'Kotetsu Hagane', 'Izumo Kamizuki', 'Zaku Abumi', 'Dosu Kinuta', 'Tonbo Tobitake', 'Sukima', 'Nejiri', 'Komaza']","""R★O★C★K★S""","""Wind""",Chūnin Exams,4.4
24,"""The Tenth Question: All or Nothing!""",27 March 2003,25 February 2006,"['Naruto Uzumaki', 'Sasuke Uchiha', 'Sakura Haruno', 'Kakashi Hatake', 'Asuma Sarutobi', 'Kurenai Yūhi', 'Temari', 'Kankurō', 'Hinata Hyūga', 'Kiba Inuzuka', 'Ibiki Morino', 'Anko Mitarashi', 'Izumo Kamizuki', 'Genin']","""R★O★C★K★S""","""Wind""",Chūnin Exams,4.4
25,"""Special Report: Live from the Forest of Death!""",2 April 2003,4 March 2006,"['Naruto Uzumaki', 'Sasuke Uchiha', 'Sakura Haruno', 'Kakashi Hatake', 'Iruka', 'Konohamaru', 'Anko Mitarashi', 'Moegi', 'Udon']","""Far Away""","""Harmonia""",Chūnin Exams,2.7
26,"""The Chūnin Exam Stage 2: The Forest of Death""",2 April 2003,15 April 2006,"['Naruto Uzumaki', 'Sasuke Uchiha', 'Sakura Haruno', 'Anko Mitarashi', 'Shikamaru Nara', 'Ino Yamanaka', 'Chōji Akimichi', 'Rock Lee', 'Neji Hyūga', 'Hinata Hyūga', 'Kiba Inuzuka', 'Kabuto Yakushi', 'Kankurō', 'Dosu Kinuta', 'Oboro', 'Kusa shinobi', 'Examiner']","""Far Away""","""Harmonia""",Chūnin Exams,4.2
27,"""Eat or be Eaten: Panic in the Forest""",9 April 2003,15 April 2006,"['Naruto Uzumaki', 'Sasuke Uchiha', 'Sakura Haruno', 'Kusa shinobi', 'Oboro']","""Far Away""","""Harmonia""",Chūnin Exams,4.5
28,"""Naruto's Counterattack: Never Give In!""",16 April 2003,15 April 2006,"['Naruto Uzumaki', 'Sasuke Uchiha', 'Sakura Haruno', 'Anko Mitarashi', 'Itachi Uchiha', 'Kusa shinobi', 'Kotetsu Hagane', 'Izumo Kamizuki', 'Mozuku']","""Far Away""","""Harmonia""",Chūnin Exams,4.4
29,"""The Sharingan Revived: Dragon-Flame Jutsu!""",23 April 2003,22 April 2006,"['Sasuke Uchiha', 'Sakura Haruno', 'Anko Mitarashi', 'Itachi Uchiha', 'Orochimaru', 'Kusa shinobi', 'Rock Lee', 'Neji Hyūga', 'Tenten', 'Zaku Abumi', 'Dosu Kinuta']","""Far Away""","""Harmonia""",Chūnin Exams,4.5
30,"""Bushy Brow's Pledge: Undying Love and Protection!""",30 April 2003,29 April 2006,"['Naruto Uzumaki', 'Sasuke Uchiha', 'Sakura Haruno', 'Shikamaru Nara', 'Ino Yamanaka', 'Chōji Akimichi', 'Rock Lee', 'Neji Hyūga', 'Tenten', 'Might Guy', 'Orochimaru', 'Zaku Abumi', 'Dosu Kinuta', 'Kin']","""Far Away""","""Harmonia""",Chūnin Exams,4.3
31,"""Sakura Blossoms!""",7 May 2003,6 May 2006,"['Naruto Uzumaki', 'Sasuke Uchiha', 'Sakura Haruno', 'Shikamaru Nara', 'Ino Yamanaka', 'Chōji Akimichi', 'Rock Lee', 'Might Guy', 'Zaku Abumi', 'Dosu Kinuta', 'Kin Tsuchi', 'Girls']","""Far Away""","""Harmonia""",Chūnin Exams,4.3
32,"""Battle Formation: Ino–Shika–Chō!!""",14 May 2003,13 May 2006,"['Naruto Uzumaki', 'Sasuke Uchiha', 'Sakura Haruno', 'Shikamaru Nara', 'Ino Yamanaka', 'Chōji Akimichi', 'Neji Hyūga', 'Tenten', 'Orochimaru', 'Zaku Abumi', 'Dosu Kinuta', 'Kin Tsuchi']","""Far Away""","""Harmonia""",Chūnin Exams,4.4
33,"""Akamaru Trembles: Gaara's Cruel Strength!""",21 May 2003,20 May 2006,"['Naruto Uzumaki', 'Sasuke Uchiha', 'Sakura Haruno', 'Shikamaru Nara', 'Ino Yamanaka', 'Chōji Akimichi', 'Rock Lee', 'Gaara', 'Temari', 'Kankurō', 'Neji Hyūga', 'Tenten', 'Hinata Hyūga', 'Kiba Inuzuka', 'Shino Aburame', 'Anko Mitarashi', 'Iwashi Tatami', 'Shigure', 'Baiu', 'Midare', 'Konoha Anbu']","""Far Away""","""Harmonia""",Chūnin Exams,4.3
34,"""The Scroll's Secret: No Peeking Allowed""",28 May 2003,27 May 2006,"['Naruto Uzumaki', 'Sasuke Uchiha', 'Sakura Haruno', 'Kabuto Yakushi', 'Oboro', 'Minoji', 'Shibire', 'Tanzō']","""Far Away""","""Harmonia""",Chūnin Exams,4.1
35,"""Clone vs. Clone: Mine are Better Than Yours!""",4 June 2003,3 June 2006,"['Naruto Uzumaki', 'Sasuke Uchiha', 'Sakura Haruno', 'Kabuto Yakushi', 'Yoroi', 'Orochimaru', 'Oboro', 'Mubi', 'Kagari']","""Far Away""","""Harmonia""",Chūnin Exams,4.3
36,"""Surviving the Cut: The Rookie 9 Together Again!""",11 June 2003,10 June 2006,"['Naruto Uzumaki', 'Sasuke Uchiha', 'Sakura Haruno', 'Kakashi Hatake', 'Iruka', 'Third Hokage: Sarutobi', 'Shikamaru Nara', 'Ino Yamanaka', 'Chōji Akimichi', 'Kurenai Yūhi', 'Hinata Hyūga', 'Kiba Inuzuka', 'Hayate Gekkō', 'Might Guy', 'Rock Lee', 'Neji Hyūga', 'Tenten', 'Baki', 'Gaara', 'Temari', 'Kabuto Yakushi', 'Zaku Abumi', 'Anko Mitarashi', 'Kotetsu Hagane', 'Izumo Kamizuki', 'Iwashi Tatami', 'Orochimaru']","""Far Away""","""Harmonia""",Chūnin Exams,4.0
37,"""Narrowing the Field: Sudden Death Elimination!""",18 June 2003,17 June 2006,"['Naruto Uzumaki', 'Sasuke Uchiha', 'Sakura Haruno', 'Kakashi Hatake', 'Third Hokage: Sarutobi', 'Shikamaru Nara', 'Ino Yamanaka', 'Chōji Akimichi', 'Hinata Hyūga', 'Kiba Inuzuka', 'Hayate Gekkō', 'Kabuto Yakushi', 'Anko Mitarashi', 'Rock Lee', 'Neji Hyūga', 'Gaara', 'Ibiki Morino', 'Yoroi', 'Dosu Kinuta', 'Orochimaru']","""Far Away""","""Harmonia""",Chūnin Exams,4.3
38,"""Bushy Brow's Jealousy: Lions Barrage Unleashed!""",2 July 2003,24 June 2006,"['Naruto Uzumaki', 'Sasuke Uchiha', 'Sakura Haruno', 'Kakashi Hatake', 'Shino Aburame', 'Zaku Abumi', 'Yoroi', 'Hinata Hyūga', 'Kiba Inuzuka', 'Gaara', 'Shikamaru Nara', 'Ino Yamanaka', 'Chōji Akimichi', 'Rock Lee', 'Tenten', 'Kankurō', 'Hayate Gekkō', 'Might Guy', 'Anko Mitarashi', 'Dosu Kinuta', 'Orochimaru']","""Far Away""","""Harmonia""",Chūnin Exams,4.5
39,"""Kakashi and Orochimaru: Face-to-Face!""",9 July 2003,1 July 2006,"['Naruto Uzumaki', 'Sasuke Uchiha', 'Sakura Haruno', 'Kakashi Hatake', 'Shino Aburame', 'Zaku Abumi', 'Hinata Hyūga', 'Kiba Inuzuka', 'Gaara', 'Kankurō', 'Misumi', 'Rock Lee', 'Neji Hyūga', 'Dosu Kinuta', 'Kin Tsuchi', 'Hayate Gekkō', 'Might Guy', 'Kurenai Yūhi', 'Baki', 'Zaku (boyhood)', 'Orochimaru']","""Far Away""","""Harmonia""",Chūnin Exams,4.3
40,"""Kunoichi Rumble: The Rivals Get Serious!""",16 July 2003,8 July 2006,"['Naruto Uzumaki', 'Sakura Haruno', 'Ino Yamanaka', 'Kakashi Hatake', 'Kankurō', 'Misumi', 'Rock Lee', 'Neji Hyūga', 'Tenten', 'Gaara', 'Shikamaru Nara', 'Chōji Akimichi', 'Hayate Gekkō', 'Might Guy', 'Asuma Sarutobi', 'Suzume', 'Ami']","""Far Away""","""Harmonia""",Chūnin Exams,3.7
41,"""The Ultimate Battle: Cha!""",23 July 2003,15 July 2006,"['Naruto Uzumaki', 'Sakura Haruno', 'Ino Yamanaka', 'Kakashi Hatake', 'Shikamaru Nara', 'Chōji Akimichi', 'Rock Lee', 'Neji Hyūga', 'Tenten', 'Hayate Gekkō', 'Might Guy', 'Asuma Sarutobi']","""Far Away""","""Harmonia""",Chūnin Exams,3.8
42,"""Killer Kunoichi and a Shaky Shikamaru""",30 July 2003,15 July 2006,"['Naruto Uzumaki', 'Sakura Haruno', 'Kakashi Hatake', 'Tenten', 'Temari', 'Shikamaru Nara', 'Kin Tsuchi', 'Ino Yamanaka', 'Chōji Akimichi', 'Kiba Inuzuka', 'Hinata Hyūga', 'Rock Lee', 'Gaara', 'Kankurō', 'Neji Hyūga', 'Dosu Kinuta', 'Hayate Gekkō', 'Might Guy', 'Third Hokage: Sarutobi']","""Far Away""","""Harmonia""",Chūnin Exams,4.3
43,"""Akamaru Unleashed! Who's Top Dog Now?""",6 August 2003,22 July 2006,"['Naruto Uzumaki', 'Sakura Haruno', 'Kakashi Hatake', 'Kiba Inuzuka', 'Hinata Hyūga', 'Shikamaru Nara', 'Ino Yamanaka', 'Chōji Akimichi', 'Rock Lee', 'Neji Hyūga', 'Temari', 'Kankurō', 'Iruka', 'Hayate Gekkō', 'Asuma Sarutobi', 'Kurenai Yūhi', 'Boys', 'Third Hokage: Sarutobi']","""Far Away""","""Harmonia""",Chūnin Exams,4.4
44,"""Surprise Attack! Naruto's Secret Weapon!""",13 August 2003,29 July 2006,"['Naruto Uzumaki', 'Sakura Haruno', 'Kakashi Hatake', 'Kiba Inuzuka', 'Hinata Hyūga', 'Shikamaru Nara', 'Ino Yamanaka', 'Chōji Akimichi', 'Rock Lee', 'Neji Hyūga', 'Kankurō', 'Shino Aburame', 'Hayate Gekkō', 'Kurenai Yūhi']","""Far Away""","""Harmonia""",Chūnin Exams,4.3
45,"""Byakugan Battle: Hinata Grows Bold!""",20 August 2003,5 August 2006,"['Naruto Uzumaki', 'Sakura Haruno', 'Kakashi Hatake', 'Third Hokage: Sarutobi', 'Hinata Hyūga', 'Neji Hyūga', 'Rock Lee', 'Kiba Inuzuka', 'Shino Aburame', 'Hayate Gekkō', 'Might Guy', 'Kurenai Yūhi', 'Hiashi Hyūga', 'Hanabi Hyūga']","""Far Away""","""Harmonia""",Chūnin Exams,4.4
46,"""A Failure Stands Tall!""",27 August 2003,12 August 2006,"['Naruto Uzumaki', 'Sakura Haruno', 'Kakashi Hatake', 'Hinata Hyūga', 'Neji Hyūga', 'Rock Lee', 'Kiba Inuzuka', 'Shikamaru Nara', 'Ino Yamanaka', 'Chōji Akimichi', 'Hayate Gekkō', 'Might Guy', 'Kurenai Yūhi', 'Third Hokage: Sarutobi']","""Far Away""","""Harmonia""",Chūnin Exams,4.6
47,"""Gaara vs. Rock Lee: The Power of Youth Explodes!""",3 September 2003,19 August 2006,"['Naruto Uzumaki', 'Sakura Haruno', 'Kakashi Hatake', 'Rock Lee', 'Gaara', 'Temari', 'Kankurō', 'Shikamaru Nara', 'Ino Yamanaka', 'Chōji Akimichi', 'Shino Aburame', 'Hayate Gekkō', 'Might Guy', 'Asuma Sarutobi', 'Baki']","""Far Away""","""Harmonia""",Chūnin Exams,4.8
48,"""Lee's Hidden Strength: Forbidden Secret Jutsu!""",10 September 2003,26 August 2006,"['Naruto Uzumaki', 'Sakura Haruno', 'Kakashi Hatake', 'Rock Lee', 'Gaara', 'Might Guy', 'Neji Hyūga', 'Tenten', 'Ino Yamanaka', 'Shikamaru Nara', 'Chōji Akimichi', 'Baki', 'Temari', 'Kankurō', 'Boys']","""Far Away""","""Harmonia""",Chūnin Exams,4.7
49,"""The Fifth Gate: A Splendid Ninja is Born""",17 September 2003,2 September 2006,"['Naruto Uzumaki', 'Sakura Haruno', 'Kakashi Hatake', 'Rock Lee', 'Gaara', 'Might Guy', 'Neji Hyūga', 'Ino Yamanaka', 'Shikamaru Nara', 'Chōji Akimichi', 'Hayate Gekkō', 'Baki', 'Temari', 'Kankurō', 'Shino Aburame', 'Dosu Kinuta']","""Far Away""","""Harmonia""",Chūnin Exams,4.7
50,"""A Shadow in Darkness: Danger Approaches Sasuke""",24 September 2003,9 September 2006,"['Naruto Uzumaki', 'Sakura Haruno', 'Kakashi Hatake', 'Chōji Akimichi', 'Dosu Kinuta', 'Gaara', 'Kankurō', 'Temari', 'Neji Hyūga', 'Ino Yamanaka', 'Shikamaru Nara', 'Shino Aburame', 'Hayate Gekkō', 'Asuma Sarutobi', 'Anko Mitarashi', 'Ibiki Morino', 'Ebisu', 'Iruka', 'Konohamaru', 'Kabuto Yakushi', 'Orochimaru', 'Third Hokage: Sarutobi']","""Far Away""","""Harmonia""",Chūnin Exams,4.2
51,"""Ebisu Returns: Naruto's Toughest Training Yet!""",1 October 2003,16 September 2006,"['Naruto Uzumaki', 'Sasuke Uchiha', 'Sakura Haruno', 'Kakashi Hatake', 'Ebisu', 'Konohamaru', 'Jiraiya', 'Teuchi', 'Ayame']","""Far Away""","""Viva★Rock-Japanese Side""",Chūnin Exams,4.2
52,"""Long Time No See: Jiraiya Returns!""",8 October 2003,30 September 2006,"['Naruto Uzumaki', 'Kakashi Hatake', 'Jiraiya', 'Ebisu', 'Gal Naruto', 'Beautiful women']","""Far Away""","""Viva★Rock-Japanese Side""",Chūnin Exams,4.3
53,"""The Summoning Technique: Wisdom of the Toad Sage!""",15 October 2003,7 October 2006,"['Naruto Uzumaki', 'Jiraiya', 'Hayate Gekkō', 'Ebisu', 'Gaara', 'Dosu Kinuta', 'Baki', 'Kabuto Yakushi', 'Woman Anbu', 'Gal Naruto']","""Turning Sadness Into Kindness""","""Viva★Rock-Japanese Side""",Chūnin Exams,4.2
54,"""A Feeling of Yearning, a Flower Full of Hope""",22 October 2003,21 October 2006,"['Naruto Uzumaki', 'Sasuke Uchiha', 'Sakura Haruno', 'Kakashi Hatake', 'Jiraiya', 'Shikamaru Nara', 'Ino Yamanaka', 'Chōji Akimichi', 'Rock Lee', 'Neji Hyūga', 'Tenten', 'Might Guy', 'Asuma Sarutobi', 'Anko Mitarashi', 'Kurenai Yūhi', 'Ibiki Morino', 'Raidō Namiashi', 'Third Hokage: Sarutobi', 'Homura Mitokado', 'Koharu Utatane', ""Sakura's mother"", 'Gal Naruto']","""Turning Sadness Into Kindness""","""Viva★Rock-Japanese Side""",Chūnin Exams,4.3
55,"""Live or Die: Risk it All to Win it All!""",29 October 2003,28 October 2006,"['Naruto Uzumaki', 'Sakura Haruno', 'Jiraiya', 'Gamabunta', 'Iruka', 'Konohamaru', 'Anko Mitarashi', 'Nine-Tailed Fox', 'Third Hokage: Sarutobi', 'Teuchi', 'Kōji', 'Mawari', 'Ayame', 'Futaba']","""Turning Sadness Into Kindness""","""Viva★Rock-Japanese Side""",Chūnin Exams,4.4
56,"""He Flies! He Jumps! He Lurks! Chief Toad Appears!""",5 November 2003,4 November 2006,"['Naruto Uzumaki', 'Jiraiya', 'Gamabunta', 'Gaara', 'Temari', 'Kankurō', 'Baki', 'Fourth Kazekage', 'Chōji Akimichi', 'Gals', 'Followers']","""Turning Sadness Into Kindness""","""Viva★Rock-Japanese Side""",Chūnin Exams,4.4
57,"""Hospital Besieged: The Evil Hand Revealed!""",12 November 2003,11 November 2006,"['Naruto Uzumaki', 'Sakura Haruno', 'Gaara', 'Temari', 'Kankurō', 'Baki', 'Shikamaru Nara', 'Ino Yamanaka', 'Chōji Akimichi', 'Might Guy']","""Turning Sadness Into Kindness""","""Viva★Rock-Japanese Side""",Chūnin Exams,4.3
58,"""The Final Rounds: Rush to the Battle Arena!""",19 November 2003,18 November 2006,"['Naruto Uzumaki', 'Sakura Haruno', 'Kankurō', 'Gaara', 'Temari', 'Shikamaru Nara', 'Ino Yamanaka', 'Neji Hyūga', 'Hinata Hyūga', 'Kiba Inuzuka', 'Tenten', 'Genma Shiranui', 'Teuchi', 'Third Hokage: Sarutobi', 'Konohamaru', 'Ayame', ""Shikamaru's father"", ""Chōji's father"", ""Ino's father"", 'Chūnin']","""Turning Sadness Into Kindness""","""Viva★Rock-Japanese Side""",Chūnin Exams,4.2
59,"""Byakugan vs. Shadow Clone Technique!""",26 November 2003,18 November 2006,"['Naruto Uzumaki', 'Sasuke Uchiha', 'Sakura Haruno', 'Kakashi Hatake', 'Neji Hyūga', 'Hinata Hyūga', 'Gaara', 'Baki', 'Shikamaru Nara', 'Ino Yamanaka', 'Kiba Inuzuka', 'Tenten', 'Genma Shiranui', 'Raidō Namiashi', 'Kotetsu Hagane', 'Izumo Kamizuki', 'Third Hokage: Sarutobi', 'Kazekage', 'Hiashi Hyūga', 'Hanabi Hyūga']","""Turning Sadness Into Kindness""","""Viva★Rock-Japanese Side""",Chūnin Exams,4.3
60,"""Ultimate Defence: Zero Blind Spot!""",3 December 2003,18 November 2006,"['Naruto Uzumaki', 'Sakura Haruno', 'Neji Hyūga', 'Iruka', 'Kabuto Yakushi', 'Ino Yamanaka', 'Hinata Hyūga', 'Kiba Inuzuka', 'Genma Shiranui', 'Tenten', 'Hiashi Hyūga', 'Hizashi Hyūga', 'Hanabi Hyūga', 'Kotetsu Hagane', 'Neji (boyhood)']","""Turning Sadness Into Kindness""","""Viva★Rock-Japanese Side""",Chūnin Exams,4.4
61,"""A Failure's True Power""",10 December 2003,18 November 2006,"['Naruto Uzumaki', 'Sakura Haruno', 'Neji Hyūga', 'Genma Shiranui', 'Ino Yamanaka', 'Kiba Inuzuka', 'Tenten', 'Gaara', 'Shikamaru Nara', 'Kabuto Yakushi', 'Hiashi Hyūga', 'Hizashi Hyūga', 'Third Hokage: Sarutobi', 'Kotetsu Hagane']","""Turning Sadness Into Kindness""","""Viva★Rock-Japanese Side""",Chūnin Exams,4.6
62,"""Hit it or Quit it: The Final Rounds Get Complicated!""",17 December 2003,25 November 2006,"['Naruto Uzumaki', 'Sasuke Uchiha', 'Sakura Haruno', 'Kakashi Hatake', 'Neji Hyūga', 'Hiashi Hyūga', 'Hizashi Hyūga', 'Genma Shiranui', 'Shikamaru Nara', 'Ino Yamanaka', 'Asuma Sarutobi', 'Third Hokage: Sarutobi', 'Temari', 'Kankurō', 'Baki', 'Kazekage', 'Kurenai Yūhi', 'Raidō Namiashi', 'Tenten', 'Shino Aburame', 'Hyūga Elder', 'Kotetsu Hagane', 'Hanabi Hyūga', 'Young Neji']","""Turning Sadness Into Kindness""","""Viva★Rock-Japanese Side""",Chūnin Exams,4.2
63,"""Zero Motivation: The Guy with Cloud Envy!""",24 December 2003,2 December 2006,"['Naruto Uzumaki', 'Shikamaru Nara', 'Temari', 'Kankurō', 'Ino Yamanaka', 'Chōji Akimichi', 'Shino Aburame', 'Tenten', 'Asuma Sarutobi', 'Kurenai Yūhi', 'Genma Shiranui', 'Kotetsu Hagane', 'Izumo Kamizuki']","""Turning Sadness Into Kindness""","""Viva★Rock-Japanese Side""",Chūnin Exams,4.5
64,"""Dancing Leaf, Squirming Sand""",31 December 2003,9 December 2006,"['Naruto Uzumaki', 'Sasuke Uchiha', 'Sakura Haruno', 'Kakashi Hatake', 'Gaara', 'Rock Lee', 'Temari', 'Might Guy', 'Kankurō', 'Shikamaru Nara', 'Ino Yamanaka', 'Chōji Akimichi', 'Asuma Sarutobi', 'Kurenai Yūhi', 'Genma Shiranui', 'Raidō Namiashi', 'Kotetsu Hagane', 'Izumo Kamizuki', 'Kazekage', 'Daimyō', 'Gatekeepers', 'Third Hokage: Sarutobi']","""Turning Sadness Into Kindness""","""Alive""",Chūnin Exams,4.1
65,"""Bushy Brow's Jutsu: Sasuke Style!""",14 January 2004,16 December 2006,"['Naruto Uzumaki', 'Sasuke Uchiha', 'Sakura Haruno', 'Kakashi Hatake', 'Gaara', 'Temari', 'Kankurō', 'Shikamaru Nara', 'Ino Yamanaka', 'Kiba Inuzuka', 'Rock Lee', 'Might Guy', 'Genma Shiranui', 'Kabuto Yakushi', 'Baki']","""Turning Sadness Into Kindness""","""Alive""",Chūnin Exams,4.3
66,"""Late for the Show, but Ready to Go! The Ultimate Secret Technique is Born!""",14 January 2004,23 December 2006,"['Naruto Uzumaki', 'Sasuke Uchiha', 'Sakura Haruno', 'Kakashi Hatake', 'Gaara', 'Temari', 'Kankurō', 'Baki', 'Shikamaru Nara', 'Ino Yamanaka', 'Chōji Akimichi', 'Shino Aburame', 'Genma Shiranui', 'Rock Lee', 'Might Guy', 'Kabuto Yakushi', 'Kazekage', 'Third Hokage: Sarutobi']","""Turning Sadness Into Kindness""","""Alive""",Chūnin Exams,4.5
67,"""Zero Hour! The Konoha Crush Begins!""",28 January 2004,6 January 2007,"['Sasuke Uchiha', 'Sakura Haruno', 'Kakashi Hatake', 'Gaara', 'Third Hokage: Sarutobi', 'Orochimaru', 'Kazekage', 'Baki', 'Temari', 'Kankurō', 'Iruka', 'Konohamaru', 'Might Guy', 'Genma Shiranui', 'Raidō Namiashi', 'Ibiki Morino', 'Moegi', 'Udon', 'Kidōmaru', 'Sakon', 'Tayuya', 'Jirōbō', 'Konoha shinobi', 'Suna shinobi']","""Turning Sadness Into Kindness""","""Alive""",Konoha Crush,4.5
68,"""Village in Distress: A New A-Ranked Mission!""",4 February 2004,13 January 2007,"['Naruto Uzumaki', 'Sasuke Uchiha', 'Sakura Haruno', 'Kakashi Hatake', 'Shikamaru Nara', 'Pakkun', 'Iruka', 'Konohamaru', 'Moegi', 'Udon', 'Third Hokage: Sarutobi', 'First Hokage', 'Second Hokage', 'Might Guy', 'Orochimaru', 'Kabuto Yakushi', 'Kidōmaru', 'Sakon', 'Jirōbō', 'Otomatsu', 'Konoha Anbu']","""Turning Sadness Into Kindness""","""Alive""",Konoha Crush,4.4
69,"""A Shirker's Call to Action: A Layabout No More!""",11 February 2004,20 January 2007,"['Naruto Uzumaki', 'Sasuke Uchiha', 'Sakura Haruno', 'Pakkun', 'Shikamaru Nara', 'Asuma Sarutobi', 'Temari', 'Kankurō', 'Orochimaru', 'Otomatsu', 'Oto shinobi']","""Turning Sadness Into Kindness""","""Alive""",Konoha Crush,4.3
70,"""An Unrivaled Match: Hokage Battle Royale!""",18 February 2004,27 January 2007,"['Naruto Uzumaki', 'Sasuke Uchiha', 'Sakura Haruno', 'Pakkun', 'Third Hokage: Sarutobi', 'First Hokage', 'Second Hokage', 'Enma', 'Orochimaru', 'Temari', 'Kankurō', 'Orochimaru (boy)', 'Iruka', 'Konohamaru', 'Moegi', 'Konoha Anbu']","""Turning Sadness Into Kindness""","""Alive""",Konoha Crush,4.5
71,"""A Mistake from the Past: A Face Revealed!""",25 February 2004,27 January 2007,"['Naruto Uzumaki', 'Sasuke Uchiha', 'Sakura Haruno', 'Pakkun', 'Third Hokage: Sarutobi', 'Second Hokage', 'Enma', 'Temari', 'Kankurō', 'Orochimaru', 'Orochimaru (juvenile)', 'Konoha Anbu']","""Turning Sadness Into Kindness""","""Alive""",Konoha Crush,4.5
72,"""Forbidden Secret Technique: Dead Demon Consuming Seal!""",3 March 2004,3 February 2007,"['Naruto Uzumaki', 'Sasuke Uchiha', 'Sakura Haruno', 'Pakkun', 'Third Hokage: Sarutobi', 'First Hokage', 'Second Hokage', 'Enma', 'Orochimaru', 'Jiraiya', 'Iruka', 'Konohamaru', 'Moegi', 'Udon', 'Temari', 'Kankurō', 'Shino Aburame', 'Ibiki Morino', ""Ibiki's subordinate""]","""Turning Sadness Into Kindness""","""Alive""",Konoha Crush,4.4
73,"""Astonishing Truth! Gaara's Identity Emerges!""",10 March 2004,10 February 2007,"['Naruto Uzumaki', 'Sasuke Uchiha', 'Sakura Haruno', 'Pakkun', 'Shino Aburame', 'Kankurō', 'Gaara', 'Temari', 'Orochimaru', 'Third Hokage: Sarutobi', 'Enma', 'Iruka', 'Konohamaru', 'Moegi']","""Turning Sadness Into Kindness""","""Alive""",Konoha Crush,4.3
74,"""Sasuke's Decision: Pushed to the Edge!""",17 March 2004,17 February 2007,"['Naruto Uzumaki', 'Sasuke Uchiha', 'Sakura Haruno', 'Kakashi Hatake', 'Gaara', 'Temari', 'Orochimaru', 'Yashamaru', 'Third Hokage: Sarutobi', 'Enma', 'Suna children']","""Turning Sadness Into Kindness""","""Alive""",Konoha Crush,4.4
75,"""Assassin of the Moonlit Night""",24 March 2004,24 February 2007,"['Naruto Uzumaki', 'Sasuke Uchiha', 'Sakura Haruno', 'Kakashi Hatake', 'Gaara', 'Temari', 'Yashamaru', 'Pakkun', 'Might Guy', 'Orochimaru', 'Suna child', 'Suna villagers']","""Turning Sadness Into Kindness""","""Alive""",Konoha Crush,4.5
76,"""Light vs. Dark: The Two Faces of Gaara""",31 March 2004,3 March 2007,"['Naruto Uzumaki', 'Sasuke Uchiha', 'Sakura Haruno', 'Kakashi Hatake', 'Gaara', 'Temari', 'Yashamaru', 'Third Hokage: Sarutobi', 'Orochimaru', 'Iruka', 'Gamakichi']","""Turning Sadness Into Kindness""","""Alive""",Konoha Crush,4.3
77,"""Naruto's Ninja Handbook""",7 April 2004,10 March 2007,"['Naruto Uzumaki', 'Sasuke Uchiha', 'Sakura Haruno', 'Gaara', 'Temari', 'Pakkun', 'Gamabunta', 'Shukaku of the Sand', 'Gamakichi', 'Haku']","""GO!!!""","""Many Times Before""",Konoha Crush,4.7
78,"""Beyond the Limit of Darkness and Light""",14 April 2004,17 March 2007,"['Naruto Uzumaki', 'Sasuke Uchiha', 'Sakura Haruno', 'Kakashi Hatake', 'Gaara', 'Third Hokage: Sarutobi', 'Orochimaru', 'Enma', 'Might Guy', 'Temari', 'Shino Aburame', 'Iruka', 'Konohamaru', 'Moegi', 'Udon', 'Anko Mitarashi', 'Ayame', ""Shikamaru's father"", ""Chōji's father"", ""Ino's father"", 'Hiashi Hyūga', ""Shino's father"", ""Kiba's mother"", 'Gamabunta', 'Shukaku of the Sand', 'Gamakichi', 'Pakkun', 'Woman Anbu', 'Kuromaru', 'Suna shinobi']","""GO!!!""","""Many Times Before""",Konoha Crush,4.7
79,"""The Third Hokage, Forever…""",21 April 2004,24 March 2007,"['Naruto Uzumaki', 'Sasuke Uchiha', 'Sakura Haruno', 'Gaara', 'Temari', 'Kankurō', 'Kakashi Hatake', 'Iruka', 'Might Guy', 'Asuma Sarutobi', 'Kurenai Yūhi', 'Konohamaru', 'Orochimaru', 'Kabuto Yakushi', 'Kidōmaru', 'Sakon', 'Tayuya', 'Jirōbō', 'Jiraiya', 'Genma Shiranui', 'Homura Mitokado', 'Pakkun', 'Baki', 'Enma', 'Itachi Uchiha', 'Kisame Hoshigaki', 'Haku', 'Woman Anbu', 'Konoha Anbu', 'Iruka (boyhood)', 'Third Hokage: Sarutobi']","""GO!!!""","""Many Times Before""",Konoha Crush,4.7
80,"""Return of the Morning Mist""",28 April 2004,7 April 2007,"['Naruto Uzumaki', 'Sasuke Uchiha', 'Kakashi Hatake', 'Itachi Uchiha', 'Kisame Hoshigaki', 'Orochimaru', 'Kabuto Yakushi', 'Jiraiya', 'Homura Mitokado', 'Koharu Utatane', 'Asuma Sarutobi', 'Kurenai Yūhi', 'Konohamaru', 'Moegi', 'Udon', 'Baki', 'Teuchi']","""GO!!!""","""Many Times Before""",Search for Tsunade,4.5
81,"""Eye to Eye: Sharingan vs. Sharingan!""",5 May 2004,7 April 2007,"['Naruto Uzumaki', 'Sasuke Uchiha', 'Kakashi Hatake', 'Itachi Uchiha', 'Kisame Hoshigaki', 'Asuma Sarutobi', 'Kurenai Yūhi', 'Jiraiya', 'Might Guy']","""GO!!!""","""Many Times Before""",Search for Tsunade,4.5
82,"""Jiraiya: Naruto's Potential Disaster!""",12 May 2004,14 April 2007,"['Naruto Uzumaki', 'Sasuke Uchiha', 'Sakura Haruno', 'Kakashi Hatake', 'Jiraiya', 'Itachi Uchiha', 'Kisame Hoshigaki', 'Might Guy', 'Asuma Sarutobi', 'Kurenai Yūhi', 'Third Hokage: Sarutobi', 'Teuchi', ""Sakura's mother"", 'Jiraiya (boyhood)', 'Orochimaru (boyhood)', 'Tsunade (childhood)']","""GO!!!""","""Many Times Before""",Search for Tsunade,4.5
83,"""Roar, Chidori! Brother vs. Brother!""",19 May 2004,21 April 2007,"['Naruto Uzumaki', 'Sasuke Uchiha', 'Jiraiya', 'Itachi Uchiha', 'Kisame Hoshigaki', ""Sasuke's father"", ""Sasuke's mother"", 'Old man', 'Old lady']","""GO!!!""","""Many Times Before""",Search for Tsunade,4.6
84,"""Hate Among the Uchihas: The Last of the Clan!""",26 May 2004,28 April 2007,"['Naruto Uzumaki', 'Sasuke Uchiha', 'Jiraiya', 'Itachi Uchiha', 'Kisame Hoshigaki', 'Might Guy', 'Tsunade', 'Shizune']","""GO!!!""","""Many Times Before""",Search for Tsunade,4.6
85,"""A New Training Begins: I Will Be Strong!""",2 June 2004,5 May 2007,"['Naruto Uzumaki', 'Jiraiya', 'Tsunade', 'Shizune', 'Might Guy', 'Elder brother', 'Small-time yakuza', 'Gamblers']","""GO!!!""","""Many Times Before""",Search for Tsunade,4.3
86,"""Keep on Training: Pop Goes the Water Balloon!""",9 June 2004,12 May 2007,"['Naruto Uzumaki', 'Jiraiya', 'Father', 'Child', 'Elder sister']","""GO!!!""","""Many Times Before""",Search for Tsunade,4.3
87,"""Focal Point: The Mark of the Leaf""",16 June 2004,19 May 2007,"['Naruto Uzumaki', 'Sakura Haruno', 'Jiraiya', 'Tsunade', 'Shizune', 'Iruka', 'Orochimaru', 'Kabuto Yakushi', 'Shikamaru Nara', 'Chōji Akimichi', 'Kiba Inuzuka', 'Gamblers']","""GO!!!""","""Many Times Before""",Search for Tsunade,4.4
88,"""An Impossible Choice: The Pain Within Tsunade's Heart""",23 June 2004,26 May 2007,"['Naruto Uzumaki', 'Jiraiya', 'Tsunade', 'Shizune', 'Orochimaru', 'Kabuto Yakushi', 'Bookmaker', 'Gambler']","""GO!!!""","""Many Times Before""",Search for Tsunade,4.2
89,"""Unforgivable! A Total Lack of Respect!""",7 July 2004,9 June 2007,"['Naruto Uzumaki', 'Jiraiya', 'Tsunade', 'Shizune', 'Orochimaru', 'Kabuto Yakushi', 'Hyakuraku old man', 'Guest']","""GO!!!""","""Meteor""",Search for Tsunade,4.5
90,"""Inheritance! The Necklace of Death!""",14 July 2004,16 June 2007,"['Naruto Uzumaki', 'Jiraiya', 'Tsunade', 'Shizune', 'Orochimaru', 'Kabuto Yakushi', 'Third Hokage: Sarutobi', 'Dan', 'Nawaki', 'Konoha shinobi']","""GO!!!""","""Meteor""",Search for Tsunade,4.3
91,"""A Dubious Offer! Tsunade's Choice!""",21 July 2004,23 June 2007,"['Naruto Uzumaki', 'Jiraiya', 'Tsunade', 'Shizune', 'Orochimaru', 'Kabuto Yakushi', 'Shopkeeper']","""GO!!!""","""Meteor""",Search for Tsunade,4.3
92,"""Breakdown! The Deal is Off!""",28 July 2004,30 June 2007,"['Naruto Uzumaki', 'Jiraiya', 'Tsunade', 'Shizune', 'Orochimaru', 'Kabuto Yakushi', 'Dan', 'Nawaki']","""GO!!!""","""Meteor""",Search for Tsunade,4.5
93,"""Attack! Fury of the Rasengan!""",4 August 2004,7 July 2007,"['Naruto Uzumaki', 'Jiraiya', 'Tsunade', 'Shizune', 'Orochimaru', 'Kabuto Yakushi', 'Gamakichi', 'Gamatatsu', 'Nawaki']","""GO!!!""","""Meteor""",Search for Tsunade,4.6
94,"""The Fifth Hokage! A Life on the Line!""",11 August 2004,7 July 2007,"['Naruto Uzumaki', 'Jiraiya', 'Fifth Hokage Tsunade', 'Shizune', 'Orochimaru', 'Kabuto Yakushi', 'Nine-Tailed Fox', 'Gamakichi', 'Gamatatsu']","""GO!!!""","""Meteor""",Search for Tsunade,4.5
95,"""Deadlock! Sannin Showdown!""",11 August 2004,14 July 2007,"['Naruto Uzumaki', 'Jiraiya', 'Fifth Hokage Tsunade', 'Shizune', 'Orochimaru', 'Kabuto Yakushi', 'Gamabunta', 'Manda', 'Katsuyu', 'Gamakichi', 'Gamatatsu']","""GO!!!""","""Meteor""",Search for Tsunade,4.6
96,"""Kidnapped! Naruto's Hot Spring Adventure!""",18 August 2004,21 July 2007,"['Naruto Uzumaki', 'Jiraiya', 'Fifth Hokage Tsunade', 'Shizune', 'Jirōchō Wasabi', 'Senta', 'Bunzō', 'Statesman', 'Head clerk', 'Waitress']","""GO!!!""","""Meteor""",Search for Tsunade,3.7
97,"""Tsunade's Warning: Ninja No More!""",25 August 2004,28 July 2007,"['Naruto Uzumaki', 'Sasuke Uchiha', 'Sakura Haruno', 'Kakashi Hatake', 'Might Guy', 'Rock Lee', 'Shikamaru Nara', 'Ino Yamanaka', 'Neji Hyūga', 'Tenten', 'Kiba Inuzuka', 'Hinata Hyūga', 'Shino Aburame', 'Fifth Hokage: Tsunade', 'Shizune', 'Iruka', 'Konohamaru', 'Moegi', 'Udon', 'Koharu Utatane', 'Shikaku Nara', 'Genma Shiranui', 'Raidō Namiashi', 'Kotetsu Hagane', 'Izumo Kamizuki', 'Teuchi']","""GO!!!""","""Meteor""",Search for Tsunade,4.2
98,"""The Will of Fire Still Burns!""",1 September 2004,4 August 2007,"['Naruto Uzumaki', 'Sakura Haruno', 'Rock Lee', 'Fifth Hokage Tsunade', 'Shizune', 'Kotetsu Hagane', 'Izumo Kamizuki', 'Third Hokage: Sarutobi', 'Konohamaru', 'Moegi', 'Udon', 'Gal Naruto']","""GO!!!""","""Meteor""",Search for Tsunade,4.1
99,"""Sensei and Student: The Bond of the Shinobi""",8 September 2004,11 August 2007,"['Rock Lee', 'Might Guy', 'Kakashi Hatake', 'Fifth Hokage Tsunade', 'Shizune', 'Iruka', 'Konohamaru', 'Moegi', 'Udon', 'Neji Hyūga', 'Tenten']","""GO!!!""","""Meteor""",Search for Tsunade,4.4
100,"""Gotta See! Gotta Know! Kakashi-Sensei's True Face!""",15 September 2004,18 August 2007,"['Naruto Uzumaki', 'Sasuke Uchiha', 'Sakura Haruno', 'Kakashi Hatake', 'Ino Yamanaka', 'Teuchi', 'Ayame', 'Moya-nin Aniki', 'Moya-nin subordinates']","""GO!!!""","""Meteor""",None,4.3
101,"""Mission: Help an Old Friend in the Land of Tea""",22 September 2004,25 August 2007,"['Naruto Uzumaki', 'Sasuke Uchiha', 'Sakura Haruno', 'Idate Morino', 'Fifth Hokage: Tsunade', 'Aoi Rokushō', 'Kyūroku Wagarashi', 'Fukusuke Hikyakuya', 'Jirōchō Wasabi', 'Statesman', 'Wasabi family henchmen']","""GO!!!""","""Meteor""",Land of Tea Escort Mission,3.7
102,"""The Race is On! Trouble on the High Seas!""",29 September 2004,1 September 2007,"['Naruto Uzumaki', 'Sasuke Uchiha', 'Sakura Haruno', 'Idate Morino', 'Ibiki Morino', 'Aoi Rokushō', 'Kyūroku Wagarashi', 'Fukusuke Hikyakuya', 'Oboro', 'Mubi', 'Kagari', 'Jirōchō Wasabi', 'Statesman', 'Wasabi family henchmen', 'Tea evil minister']","""GO!!!""","""Meteor""",Land of Tea Escort Mission,3.7
103,"""Run Idate Run! Nagi Island Awaits!""",13 October 2004,8 September 2007,"['Naruto Uzumaki', 'Sasuke Uchiha', 'Sakura Haruno', 'Idate Morino', 'Aoi Rokushō', 'Fukusuke Hikyakuya', 'Oboro', 'Mubi', 'Kagari', 'Jirōchō Wasabi', 'Statesman', 'Ibiki Morino', 'Fifth Hokage: Tsunade']","""Rhapsody of Youth""","""Mountain a Go Go Two""",Land of Tea Escort Mission,3.9
104,"""A Fierce Battle of Rolling Thunder!""",20 October 2004,15 September 2007,"['Naruto Uzumaki', 'Sasuke Uchiha', 'Sakura Haruno', 'Idate Morino', 'Aoi Rokushō', 'Fukusuke Hikyakuya', 'Ibiki Morino', 'Jirōchō Wasabi', 'Statesman', 'Wasabi family henchman', 'Genin']","""Rhapsody of Youth""","""Mountain a Go Go Two""",Land of Tea Escort Mission,3.9
105,"""The Last Leg: A Final Act of Desperation""",27 October 2004,22 September 2007,"['Naruto Uzumaki', 'Sasuke Uchiha', 'Sakura Haruno', 'Idate Morino', 'Ibiki Morino', 'Aoi Rokushō', 'Kyūroku Wagarashi', 'Fukusuke Hikyakuya', 'Tea evil minister', 'Jirōchō Wasabi', 'Statesman', 'Wasabi family henchman', 'Tea young samurai', 'Tea Daimyō']","""Rhapsody of Youth""","""Mountain a Go Go Two""",Land of Tea Escort Mission,4.0
106,"""The Battle Begins: Naruto vs. Sasuke""",3 November 2004,6 October 2007,"['Naruto Uzumaki', 'Sasuke Uchiha', 'Sakura Haruno', 'Shikamaru Nara', 'Ino Yamanaka', 'Chōji Akimichi', 'Asuma Sarutobi', 'Fifth Hokage: Tsunade', 'Rock Lee', 'Orochimaru', 'Itachi Uchiha']","""Rhapsody of Youth""","""Mountain a Go Go Two""",Sasuke Recovery Mission,4.5
107,"""Bitter Rivals and Broken Bonds""",10 November 2004,13 October 2007,"['Naruto Uzumaki', 'Sasuke Uchiha', 'Sakura Haruno', 'Kakashi Hatake', 'Jiraiya', 'Orochimaru', 'Kabuto Yakushi', 'Kidōmaru', 'Sakon', 'Tayuya', 'Jirōbō']","""Rhapsody of Youth""","""Mountain a Go Go Two""",Sasuke Recovery Mission,4.3
108,"""Oto's Invitation""",17 November 2004,20 October 2007,"['Naruto Uzumaki', 'Sasuke Uchiha', 'Sakura Haruno', 'Kidōmaru', 'Sakon', 'Tayuya', 'Jirōbō', 'Teuchi']","""Rhapsody of Youth""","""Mountain a Go Go Two""",Sasuke Recovery Mission,4.2
109,"""Formation! The Sasuke Recovery Team""",24 November 2004,27 October 2007,"['Naruto Uzumaki', 'Sasuke Uchiha', 'Sakura Haruno', 'Shikamaru Nara', 'Chōji Akimichi', 'Neji Hyūga', 'Kiba Inuzuka', 'Rock Lee', 'Shikaku Nara', ""Shikamaru's mother"", 'Fifth Hokage: Tsunade', 'Kotetsu Hagane', 'Izumo Kamizuki', 'Kidōmaru', 'Sakon', 'Tayuya', 'Jirōbō']","""Rhapsody of Youth""","""Mountain a Go Go Two""",Sasuke Recovery Mission,4.5
110,"""Sound vs. Leaf""",24 November 2004,27 October 2007,"['Naruto Uzumaki', 'Sasuke Uchiha', 'Shikamaru Nara', 'Chōji Akimichi', 'Neji Hyūga', 'Kiba Inuzuka', 'Rock Lee', 'Fifth Hokage: Tsunade', 'Shizune', 'Kidōmaru', 'Sakon', 'Tayuya', 'Jirōbō', 'Genma Shiranui', 'Raidō Namiashi', 'Iwashi Tatami']","""Rhapsody of Youth""","""Mountain a Go Go Two""",Sasuke Recovery Mission,4.4
111,"""Squad Mutiny: Everything Falls Apart!""",1 December 2004,3 November 2007,"['Naruto Uzumaki', 'Shikamaru Nara', 'Chōji Akimichi', 'Neji Hyūga', 'Kiba Inuzuka', 'Kidōmaru', 'Sakon', 'Jirōbō']","""Rhapsody of Youth""","""Mountain a Go Go Two""",Sasuke Recovery Mission,4.2
112,"""Full Throttle Power! Chōji, Ablaze!""",8 December 2004,3 November 2007,"['Naruto Uzumaki', 'Shikamaru Nara', 'Chōji Akimichi', 'Neji Hyūga', 'Kiba Inuzuka', 'Jirōbō', 'Asuma Sarutobi', 'Ino Yamanaka']","""Rhapsody of Youth""","""Mountain a Go Go Two""",Sasuke Recovery Mission,4.3
113,"""Good-bye Old Friend…! I'll Always Believe in You!""",15 December 2004,10 November 2007,"['Naruto Uzumaki', 'Chōji Akimichi', 'Jirōbō', 'Shikamaru Nara', 'Kiba Inuzuka', 'Kidōmaru', 'Sakon', 'Tayuya', ""Chōji's father"", 'Children']","""Rhapsody of Youth""","""Mountain a Go Go Two""",Sasuke Recovery Mission,4.6
114,"""Your Opponent is Me!""",22 December 2004,10 November 2007,"['Naruto Uzumaki', 'Neji Hyūga', 'Kidōmaru', 'Shikamaru Nara', 'Kiba Inuzuka', 'Sakon', 'Tayuya', 'Jirōbō']","""Rhapsody of Youth""","""Mountain a Go Go Two""",Sasuke Recovery Mission,4.2
115,"""360 Degrees of Vision: The Byakugan's Blind Spot""",5 January 2005,24 November 2007,"['Naruto Uzumaki', 'Neji Hyūga', 'Kidōmaru', 'Sakon', 'Tayuya']","""Rhapsody of Youth""","""The First Time I Spoke With You""",Sasuke Recovery Mission,4.3
116,"""Losing is Not an Option!""",5 January 2005,24 November 2007,"['Naruto Uzumaki', 'Neji Hyūga', 'Kidōmaru', 'Sakon', 'Tayuya']","""Rhapsody of Youth""","""The First Time I Spoke With You""",Sasuke Recovery Mission,4.5
117,"""The Vessel Arrives Too Late""",12 January 2005,1 December 2007,"['Naruto Uzumaki', 'Shikamaru Nara', 'Kiba Inuzuka', 'Kimimaro', 'Sakon', 'Tayuya', 'Orochimaru', 'Kabuto Yakushi', 'Man who became ""vessel""', 'Kimimaro (boyhood)']","""Rhapsody of Youth""","""The First Time I Spoke With You""",Sasuke Recovery Mission,4.3
118,"""Miscalculation: A New Enemy Appears!""",19 January 2005,1 December 2007,"['Naruto Uzumaki', 'Shikamaru Nara', 'Kiba Inuzuka', 'Kimimaro', 'Sakon', 'Tayuya', 'Orochimaru', 'Kabuto Yakushi']","""Rhapsody of Youth""","""The First Time I Spoke With You""",Sasuke Recovery Mission,4.2
119,"""Roar and Howl! The Ultimate Tag-Team!""",2 February 2005,8 December 2007,"['Naruto Uzumaki', 'Shikamaru Nara', 'Kiba Inuzuka', 'Kimimaro', 'Sakon', 'Tayuya', 'Orochimaru', 'Kabuto Yakushi']","""Rhapsody of Youth""","""The First Time I Spoke With You""",Sasuke Recovery Mission,4.2
120,"""To Each His Own Battle""",9 February 2005,8 December 2007,"['Naruto Uzumaki', 'Shikamaru Nara', 'Kiba Inuzuka', 'Kimimaro', 'Sakon', 'Tayuya', ""Kiba's mother"", ""Kiba's sister""]","""Rhapsody of Youth""","""The First Time I Spoke With You""",Sasuke Recovery Mission,4.2
121,"""Fakeout: Shikamaru's Comeback!""",16 February 2005,15 December 2007,"['Naruto Uzumaki', 'Shikamaru Nara', 'Kiba Inuzuka', 'Kimimaro', 'Tayuya']","""Rhapsody of Youth""","""The First Time I Spoke With You""",Sasuke Recovery Mission,4.4
122,"""The Leaf's Handsome Devil!""",23 February 2005,15 December 2007,"['Naruto Uzumaki', 'Sasuke Uchiha', 'Shikamaru Nara', 'Kiba Inuzuka', 'Rock Lee', 'Might Guy', 'Kimimaro', 'Tayuya', 'Fifth Hokage: Tsunade', 'Genma Shiranui', 'Raidō Namiashi', 'Male nurses']","""Rhapsody of Youth""","""The First Time I Spoke With You""",Sasuke Recovery Mission,4.4
123,"""The Beast Within""",2 March 2005,22 December 2007,"['Naruto Uzumaki', 'Sasuke Uchiha', 'Shikamaru Nara', 'Kiba Inuzuka', 'Rock Lee', 'Might Guy', 'Kimimaro', 'Sakon/Ukon', 'Tayuya', 'Fifth Hokage: Tsunade', 'Neji Hyūga', 'Gaara', 'Temari', 'Kankurō']","""Rhapsody of Youth""","""The First Time I Spoke With You""",Sasuke Recovery Mission,4.7
124,"""The Sand Shinobi: Allies of the Leaf""",9 March 2005,22 December 2007,"['Naruto Uzumaki', 'Shikamaru Nara', 'Kiba Inuzuka', 'Rock Lee', 'Gaara', 'Temari', 'Kankurō', 'Kimimaro', 'Sakon/Ukon', 'Tayuya', 'Summoning weasel']","""Rhapsody of Youth""","""The First Time I Spoke With You""",Sasuke Recovery Mission,4.6
125,"""Showdown: Gaara vs. Kimimaro""",16 March 2005,29 December 2007,"['Naruto Uzumaki', 'Sasuke Uchiha', 'Rock Lee', 'Gaara', 'Kimimaro', 'Kimimaro (boyhood)', 'Orochimaru', 'Neji Hyūga', 'Zabuza Momochi', 'Haku', 'Kaguya clan: patriarch', 'Kaguya clan']","""Rhapsody of Youth""","""The First Time I Spoke With You""",Sasuke Recovery Mission,4.5
126,"""Vengeful Strike! The Bracken Dance!""",30 March 2005,29 December 2007,"['Naruto Uzumaki', 'Rock Lee', 'Gaara', 'Kimimaro', 'Orochimaru', 'Kabuto Yakushi', 'Kazekage', 'Sakon', 'Kidōmaru', 'Tayuya', 'Jirōbō']","""Rhapsody of Youth""","""The First Time I Spoke With You""",Sasuke Recovery Mission,4.5
127,"""A Cry on Deaf Ears""",30 March 2005,5 January 2008,"['Naruto Uzumaki', 'Sasuke Uchiha', 'Itachi Uchiha']","""Rhapsody of Youth""","""The First Time I Spoke With You""",Sasuke Recovery Mission,4.4
128,"""Brothers: Distance Among the Uchiha""",6 April 2005,5 January 2008,"['Naruto Uzumaki', 'Sasuke Uchiha', 'Itachi Uchiha', 'Fugaku Uchiha', 'Mikoto Uchiha', 'Shikamaru Nara', 'Chōji Akimichi', 'Third Hokage: Sarutobi', 'Inabi Uchiha', 'Yashiro Uchiha', 'Konoha student']","""No Boy, No Cry""","""Lost Words""",Sasuke Recovery Mission,4.4
129,"""Father and Son, the Broken Crest""",13 April 2005,12 January 2008,"['Naruto Uzumaki', 'Sasuke Uchiha', 'Fugaku Uchiha', 'Mikoto Uchiha']","""No Boy, No Cry""","""Lost Words""",Sasuke Recovery Mission,4.3
130,"""The Secrets of the Mangekyō Sharingan""",20 April 2005,12 January 2008,"['Naruto Uzumaki', 'Sasuke Uchiha', 'Itachi Uchiha', 'Mikoto Uchiha', 'Shikamaru Nara', 'Chōji Akimichi', 'Uruchi Uchiha', 'Kōta']","""No Boy, No Cry""","""Lost Words""",Sasuke Recovery Mission,4.3
131,"""For a Friend…""",27 April 2005,19 January 2008,"['Naruto Uzumaki', 'Sasuke Uchiha', 'Kakashi Hatake', 'Pakkun', 'Fifth Hokage: Tsunade', 'Sakura Haruno']","""No Boy, No Cry""","""Lost Words""",Sasuke Recovery Mission,4.6
132,"""A Plea from a Friend""",4 May 2005,19 January 2008,"['Naruto Uzumaki', 'Sasuke Uchiha', 'Kakashi Hatake', 'Pakkun', 'Iruka Umino', 'Nine-Tailed Fox']","""No Boy, No Cry""","""Lost Words""",Sasuke Recovery Mission,4.7
133,"""The End of Tears""",11 May 2005,26 January 2008,"['Naruto Uzumaki', 'Sasuke Uchiha', 'Kakashi Hatake', 'Pakkun', 'Itachi Uchiha']","""No Boy, No Cry""","""Lost Words""",Sasuke Recovery Mission,4.6
134,"""The Promise That Could Not Be Kept""",18 May 2005,26 January 2008,"['Naruto Uzumaki', 'Sakura Haruno', 'Kakashi Hatake', 'Jiraiya', 'Fifth Hokage: Tsunade', 'Shikamaru Nara', 'Temari', 'Shikaku Nara', 'Chōza Akimichi', 'Neji Hyūga', 'Shizune', 'Sasuke Uchiha', 'Orochimaru', 'Kabuto Yakushi', 'Kiba Inuzuka', 'Ino Yamanaka', 'Hana Inuzuka']","""No Boy, No Cry""","""Lost Words""",Sasuke Recovery Mission,4.6
135,"""Deep Cover?! A Super S-Ranked Mission!""",25 May 2005,2 February 2008,"['Naruto Uzumaki', 'Sakura Haruno', 'Jiraiya', 'Sasame', 'Fifth Hokage: Tsunade', 'Shizune', 'Teuchi', 'Ambiguous women']","""No Boy, No Cry""","""Lost Words""",Land of Rice Fields Investigation Mission,3.7
136,"""A Town of Outlaws, The Shadow of the Fūma Clan""",1 June 2005,2 February 2008,"['Naruto Uzumaki', 'Sakura Haruno', 'Jiraiya', 'Sasame', 'Kamikiri', 'Jigumo', 'Kagerō', 'Hanzaki', 'Kimimaro', 'Hanzaki army corps', 'Hostesses']","""No Boy, No Cry""","""Lost Words""",Land of Rice Fields Investigation Mission,3.8
137,"""Pure Betrayal and a Fleeting Plea""",8 June 2005,9 February 2008,"['Naruto Uzumaki', 'Sakura Haruno', 'Jiraiya', 'Sasame', 'Kamikiri', 'Jigumo', 'Kagerō man', 'Kagerō woman', 'Orochimaru']","""No Boy, No Cry""","""Lost Words""",Land of Rice Fields Investigation Mission,3.7
138,"""Pure Terror! The House of Orochimaru!""",15 June 2005,9 February 2008,"['Naruto Uzumaki', 'Sakura Haruno', 'Jiraiya', 'Sasame', 'Kotohime', 'Hanzaki', 'Gamakichi', 'Orochimaru', 'Kabuto Yakushi']","""No Boy, No Cry""","""Lost Words""",Land of Rice Fields Investigation Mission,3.8
139,"""Two Heartbeats: Kabuto's Trap""",22 June 2005,16 February 2008,"['Naruto Uzumaki', 'Sakura Haruno', 'Sasame', 'Arashi', 'Kamikiri', 'Jigumo', 'Kagerō woman', 'Orochimaru', 'Kabuto Yakushi', 'Gamakichi']","""No Boy, No Cry""","""Lost Words""",Land of Rice Fields Investigation Mission,3.9
140,"""Sakura's Determination!""",29 June 2005,16 February 2008,"['Naruto Uzumaki', 'Sakura Haruno', 'Jiraiya', 'Sasame', 'Arashi', 'Kamikiri', 'Jigumo', 'Hanzaki', 'Fifth Hokage: Tsunade', 'Shikamaru Nara', 'Gamakichi']","""No Boy, No Cry""","""Lost Words""",Land of Rice Fields Investigation Mission,3.8
141,"""The Three Villains from the Maximum Security Prison""",6 July 2005,23 February 2008,"['Naruto Uzumaki', 'Sakura Haruno', 'Iruka Umino', 'Fifth Hokage: Tsunade', 'Shizune', 'Jiraiya', 'Shikamaru Nara', 'Ino Yamanaka', 'Chōji Akimichi', 'Kiba Inuzuka', 'Shino Aburame', 'Hinata Hyūga', 'Rock Lee', 'Neji Hyūga', 'Tenten', 'Temari', 'Kankurō', 'Might Guy', 'Asuma Sarutobi', 'Kurenai Yūhi', 'Hiashi Hyūga', 'Kotetsu Hagane', 'Izumo Kamizuki', 'Mizuki', 'Fūjin', 'Raijin', 'Konohamaru', 'Moegi', 'Udon']","""No Boy, No Cry""","""Speed""",Mizuki Tracking Mission,3.6
142,"""Tonton! I'm Counting on You!""",13 July 2005,23 February 2008,"['Naruto Uzumaki', 'Iruka Umino', 'Pakkun', 'Kakashi Hatake', 'Fifth Hokage: Tsunade', 'Shizune', 'Asuma Sarutobi', 'Kurenai Yūhi', 'Mizuki', 'Tsubaki', 'Fūjin', 'Raijin', 'Konoha medical team']","""No Boy, No Cry""","""Speed""",Mizuki Tracking Mission,3.7
143,"""A New Squad! Two People and a Dog?!""",20 July 2005,1 March 2008,"['Naruto Uzumaki', 'Iruka Umino', 'Pakkun', 'Mizuki', 'Fūjin', 'Raijin', 'Third Hokage: Sarutobi', 'Shikamaru Nara', 'Ino Yamanaka', 'Chōji Akimichi', 'Iruka (boyhood)', 'Mizuki (boyhood)', 'Village boys']","""No Boy, No Cry""","""Speed""",Mizuki Tracking Mission,3.6
144,"""A New Formation: Ino–Shika–Chō!""",27 July 2005,1 March 2008,"['Naruto Uzumaki', 'Iruka Umino', 'Pakkun', 'Mizuki', 'Fūjin', 'Raijin', 'Third Hokage: Sarutobi', 'Shikamaru Nara', 'Ino Yamanaka', 'Chōji Akimichi', 'Konoha shinobi']","""No Boy, No Cry""","""Speed""",Mizuki Tracking Mission,3.7
145,"""Remaining Ambition: Orochimaru's Shadow""",10 August 2005,8 March 2008,"['Naruto Uzumaki', 'Iruka Umino', 'Pakkun', 'Mizuki', 'Tsubaki', 'Fūjin', 'Raijin', 'Orochimaru', 'Fifth Hokage: Tsunade', 'Shikamaru Nara', 'Ino Yamanaka', 'Chōji Akimichi', 'Iwashi Tatami', 'Tonbo Tobitake', 'Nara family researchers']","""No Boy, No Cry""","""Speed""",Mizuki Tracking Mission,3.6
146,"""A Clash of Fate: You Can't Bring Me Down!""",17 August 2005,8 March 2008,"['Naruto Uzumaki', 'Iruka Umino', 'Pakkun', 'Shikamaru Nara', 'Ino Yamanaka', 'Chōji Akimichi', 'Fifth Hokage: Tsunade', 'Sakura Haruno', 'Mizuki', 'Tsubaki', 'Fūjin', 'Raijin', 'Medical team']","""No Boy, No Cry""","""Speed""",Mizuki Tracking Mission,3.7
147,"""The Search for the Rare Bikōchū Beetle""",17 August 2005,15 March 2008,"['Naruto Uzumaki', 'Sakura Haruno', 'Hinata Hyūga', 'Kiba Inuzuka', 'Shino Aburame', 'Hiashi Hyūga', 'Neji Hyūga', 'Kurenai Yūhi', 'Shizune', 'Fifth Hokage: Tsunade', 'Suzumebachi', 'Kurobachi', 'Jibachi']","""No Boy, No Cry""","""Speed""",Bikōchū Search Mission,4.0
148,"""What's the Difference? Don't All Insects Look Alike?""",24 August 2005,15 March 2008,"['Naruto Uzumaki', 'Hinata Hyūga', 'Kiba Inuzuka', 'Shino Aburame', 'Shizune', 'Fifth Hokage: Tsunade', 'Suzumebachi', 'Kurobachi', 'Jibachi']","""No Boy, No Cry""","""Speed""",Bikōchū Search Mission,3.9
149,"""A Battle of Bugs! The Deceivers and the Deceived!""",31 August 2005,22 March 2008,"['Naruto Uzumaki', 'Hinata Hyūga', 'Kiba Inuzuka', 'Shino Aburame', 'Suzumebachi', 'Kurobachi', 'Jibachi']","""No Boy, No Cry""","""Speed""",Bikōchū Search Mission,4.1
150,"""Blaze Away, Byakugan! This is My Ninja Way!""",14 September 2005,22 March 2008,"['Naruto Uzumaki', 'Hinata Hyūga', 'Kiba Inuzuka', 'Shino Aburame', 'Suzumebachi', 'Kurobachi', 'Jibachi', 'Fifth Hokage: Tsunade', 'Sakura Haruno', 'Shizune', 'Hiashi Hyūga']","""No Boy, No Cry""","""Speed""",Bikōchū Search Mission,3.8
151,"""Funeral March for the Living""",21 September 2005,29 March 2008,"['Naruto Uzumaki', 'Sakura Haruno', 'Rock Lee', 'Neji Hyūga', 'Tenten', 'Fifth Hokage: Tsunade', 'Shizune', 'Might Guy', 'Anko Mitarashi', 'Kotetsu Hagane', 'Izumo Kamizuki', 'Raiga Kurosuki', 'Ranmaru', 'Karashi', 'Sanshō granny', 'Hachidai', 'Sangorō', 'Rokusuke']","""No Boy, No Cry""","""Speed""",Kurosuki Family Removal Mission,3.8
152,"""A Lesson Learned: The Iron Fist of Love!""",28 September 2005,29 March 2008,"['Naruto Uzumaki', 'Rock Lee', 'Neji Hyūga', 'Tenten', 'Raiga Kurosuki', 'Ranmaru', 'Sanshō granny', 'Karashi', 'Sukeza', 'Sangorō', 'Rokusuke', 'Kurosuki group']","""No Boy, No Cry""","""Speed""",Kurosuki Family Removal Mission,3.6
153,"""The Enemy of the Byakugan""",5 October 2005,5 April 2008,"['Naruto Uzumaki', 'Rock Lee', 'Neji Hyūga', 'Tenten', 'Raiga Kurosuki', 'Ranmaru', 'Sanshō granny', 'Hachidai', 'Sangorō']","""Wind and Waves Satellite""","""Because You are With Me""",Kurosuki Family Removal Mission,3.6
154,"""The Dark Creeping Clouds""",12 October 2005,5 April 2008,"['Naruto Uzumaki', 'Rock Lee', 'Neji Hyūga', 'Tenten', 'Raiga Kurosuki', 'Ranmaru', 'Sanshō granny', 'Karashi', 'Sukeza', 'Hachidai', 'Sangorō', 'Rokusuke', 'Kurosuki group']","""Wind and Waves Satellite""","""Because You are With Me""",Kurosuki Family Removal Mission,3.7
155,"""Raiga's Counterattack""",19 October 2005,12 April 2008,"['Naruto Uzumaki', 'Rock Lee', 'Neji Hyūga', 'Tenten', 'Raiga Kurosuki', 'Ranmaru', 'Sanshō granny', 'Karashi']","""Wind and Waves Satellite""","""Because You are With Me""",Kurosuki Family Removal Mission,3.5
156,"""Run! The Curry of Life!""",26 October 2005,12 April 2008,"['Naruto Uzumaki', 'Rock Lee', 'Neji Hyūga', 'Tenten', 'Raiga Kurosuki', 'Ranmaru', 'Sanshō granny', 'Karashi']","""Wind and Waves Satellite""","""Because You are With Me""",Kurosuki Family Removal Mission,3.7
157,"""Follow My Lead! The Great Survival Challenge""",2 November 2005,19 April 2008,"['Naruto Uzumaki', 'Konohamaru', 'Moegi', 'Udon', 'Shikamaru Nara', 'Chōji Akimichi', 'Hinata Hyūga', 'Neji Hyūga', 'Kiba Inuzuka', 'Rock Lee', 'Fifth Hokage: Tsunade', 'Iruka', 'Gal Naruto', 'Academy teacher', 'Academy students']","""Wind and Waves Satellite""","""Because You are With Me""",None,3.7
158,"""The Bounty Hunter from the Wilderness""",9 November 2005,19 April 2008,"['Naruto Uzumaki', 'Hinata Hyūga', 'Kiba Inuzuka', 'Sazanami', 'Gosunkugi', 'Gatsu', 'Fifth Hokage: Tsunade', 'Michizō Manaka', 'Bartender', 'Bar customers']","""Wind and Waves Satellite""","""Because You are With Me""",Gosunkugi Capture Mission,3.9
159,"""Hunt or Be Hunted?! Showdown at the O.K. Temple!""",16 November 2005,26 April 2008,"['Naruto Uzumaki', 'Hinata Hyūga', 'Kiba Inuzuka', 'Sazanami', 'Gosunkugi', 'Gatsu', 'Fifth Hokage: Tsunade', 'Scrutineer', 'Gosunkugi subordinates']","""Wind and Waves Satellite""","""Because You are With Me""",Gosunkugi Capture Mission,3.7
160,"""The Appearance of Strange Visitors""",23 November 2005,26 April 2008,"['Naruto Uzumaki', 'Mondai Guy', 'Potcha Lee', 'Kakashi Hatake', 'Might Guy', 'Rock Lee', 'Fifth Hokage: Tsunade', 'Sakura Haruno', 'Shizune', 'Tenten', 'Katsuyu', 'Gal Naruto']",None,None,None,3.9
161,"""The Cursed Warrior""",30 November 2005,3 May 2008,"['Naruto Uzumaki', 'Neji Hyūga', 'Tenten', 'Kakashi Hatake', 'Fifth Hokage: Tsunade', 'Shizune', 'Chishima', 'Mōsō', 'Kōmei', 'Samurai', 'Teuchi']","""Wind and Waves Satellite""","""Because You are With Me""",Cursed Warrior Extermination Mission,3.9
162,"""The Tactician's Intent""",7 December 2005,3 May 2008,"['Naruto Uzumaki', 'Neji Hyūga', 'Tenten', 'Sagi', 'Chishima', 'Mōsō', 'Kōmei', 'Samurais']","""Wind and Waves Satellite""","""Because You are With Me""",Cursed Warrior Extermination Mission,3.7
163,"""Too Late for Help""",14 December 2005,10 May 2008,"['Naruto Uzumaki', 'Neji Hyūga', 'Tenten', 'Sagi', 'Chishima', 'Mōsō', 'Kakashi Hatake', 'Gamakichi', 'Gamatatsu', 'Samurai']","""Wind and Waves Satellite""","""Because You are With Me""",Cursed Warrior Extermination Mission,3.5
164,"""The Death of Naruto""",21 December 2005,10 May 2008,"['Naruto Uzumaki', 'Neji Hyūga', 'Tenten', 'Kakashi Hatake', 'Sagi', 'Chishima', 'Mōsō', 'Kōmei', 'Pakkun', 'Nagare', 'Hokushin', 'Head soldier', 'Kaishakunin']","""Wind and Waves Satellite""","""Because You are With Me""",Cursed Warrior Extermination Mission,3.7
165,"""When Time Stands Still""",4 January 2006,17 May 2008,"['Naruto Uzumaki', 'Neji Hyūga', 'Tenten', 'Kakashi Hatake', 'Sagi', 'Toki', 'Chishima', 'Sasuke', 'Mōsō', 'Kōmei', 'Nagare', 'Head soldier']","""Wind and Waves Satellite""","""Parade""",Cursed Warrior Extermination Mission,3.7
166,"""When Egrets Flap Their Wings""",4 January 2006,17 May 2008,"['Naruto Uzumaki', 'Neji Hyūga', 'Tenten', 'Kakashi Hatake', 'Sagi', 'Toki', 'Chishima', 'Mōsō', 'Kōmei', 'Hōki', 'Hokushin', 'Head soldier']","""Wind and Waves Satellite""","""Parade""",Cursed Warrior Extermination Mission,3.8
167,"""Mix it, Stretch it, Boil it Up! Burn Copper Pot, Burn!""",18 January 2006,24 May 2008,"['Naruto Uzumaki', 'Sakura Haruno', 'Chōji Akimichi', 'Teuchi', 'Ayame', 'Hakkaku', 'Cooking-nin']","""Wind and Waves Satellite""","""Parade""",None,3.7
168,"""Remembrance: The Lost Page""",25 January 2006,24 May 2008,"['Naruto Uzumaki', 'Sakura Haruno', 'Shino Aburame', 'Ino Yamanaka', 'Anko Mitarashi', 'Orochimaru', 'Isaribi', 'Yoroi Akadō', 'Misumi Tsurugi', 'Gamakichi', 'Gamatatsu', 'Shopkeeper', 'Shizune', 'Fifth Hokage: Tsunade']","""Wind and Waves Satellite""","""Parade""",Kaima Capture Mission,3.9
169,"""The Closed Door""",1 February 2006,31 May 2008,"['Naruto Uzumaki', 'Anko Mitarashi', 'Shino Aburame', 'Ino Yamanaka', 'Orochimaru', 'Isaribi', 'Amachi', 'Hitode', 'Yoroi Akadō', 'Fifth Hokage: Tsunade', 'Shizune', 'Female diver', 'Boy', 'Old woman', 'Flashbacks Anbu', 'Third Hokage: Sarutobi', 'Sasuke Uchiha']","""Wind and Waves Satellite""","""Parade""",Kaima Capture Mission,3.9
170,"""Infiltration: The Set-Up!""",8 February 2006,31 May 2008,"['Naruto Uzumaki', 'Shino Aburame', 'Ino Yamanaka', 'Anko Mitarashi', 'Isaribi', 'Orochimaru', 'Amachi', 'Yoroi Akadō', 'Misumi Tsurugi', 'Flashbacks Anbu']","""Wind and Waves Satellite""","""Parade""",Kaima Capture Mission,3.7
171,"""Despair: A Fractured Heart""",15 February 2006,7 June 2008,"['Naruto Uzumaki', 'Shino Aburame', 'Ino Yamanaka', 'Anko Mitarashi', 'Isaribi', 'Amachi', 'Hitode', 'Yoroi Akadō', 'Soldiers']","""Wind and Waves Satellite""","""Parade""",Kaima Capture Mission,3.7
172,"""Battle at Sea: The Power Unleashed!""",22 February 2006,7 June 2008,"['Naruto Uzumaki', 'Shino Aburame', 'Ino Yamanaka', 'Anko Mitarashi', 'Isaribi', 'Orochimaru', 'Amachi', 'Gamabunta', 'Yoroi Akadō', 'Hitode', 'Soldier']","""Wind and Waves Satellite""","""Parade""",Kaima Capture Mission,4.0
173,"""Impossible! Celebrity Ninja Art: Money Style Jutsu!""",1 March 2006,14 June 2008,"['Naruto Uzumaki', 'Fifth Hokage: Tsunade', 'Shizune', 'Kunihisa', 'Kunijirō', 'Shinayakana bandit', 'Fukuyokana bandit', 'Black suit captains', 'Black suit: hundred squad']","""Wind and Waves Satellite""","""Parade""",None,3.3
174,"""The Treasure Hunt is On!""",8 March 2006,14 June 2008,"['Naruto Uzumaki', 'Hinata Hyūga', 'Kiba Inuzuka', 'Fifth Hokage: Tsunade', 'Shizune', 'Iruka Umino', 'Hiashi Hyūga', 'Agari Kaisen', 'Kotetsu Hagane', 'Izumo Kamizuki']","""Wind and Waves Satellite""","""Parade""",Buried Gold Excavation Mission,3.8
175,"""Run, Dodge, Zigzag! Chase or Be Chased!""",15 March 2006,21 June 2008,"['Naruto Uzumaki', 'Sakura Haruno', 'Hinata Hyūga', 'Kiba Inuzuka', 'Fifth Hokage: Tsunade', 'Shizune', 'Agari Kaisen', 'Kotetsu Hagane', 'Izumo Kamizuki', 'Teuchi', 'Ayame']","""Wind and Waves Satellite""","""Parade""",Buried Gold Excavation Mission,4.0
176,"""Please, Mr. Postman!""",22 March 2006,21 June 2008,"['Naruto Uzumaki', 'Jiraiya', 'Courier ninja 596-03', 'Courier ninja 463-72', 'Courier ninja 184-96', 'Courier ninja 893-03', 'Gal Naruto', 'Bathing woman']","""Wind and Waves Satellite""","""Parade""",None,3.7
177,"""Encounter! The Boy with a Star's Name""",29 March 2006,28 June 2008,"['Naruto Uzumaki', 'Sakura Haruno', 'Tenten', 'Rock Lee', 'Neji Hyūga', 'Fifth Hokage: Tsunade', 'Shizune', 'Natsuhi', 'Sumaru', 'Akahoshi', 'Hokuto', 'Mizura']","""Wind and Waves Satellite""","""Parade""",Star Guard Mission,3.7
178,"""The Remembered Lullaby""",5 April 2006,28 June 2008,"['Naruto Uzumaki', 'Rock Lee', 'Neji Hyūga', 'Tenten', 'Fifth Hokage: Tsunade', 'Shizune', 'Natsuhi', 'Sumaru', 'Akahoshi', 'Yotaka', 'Shisō', 'Hokuto', 'Mizura']","""Re:member""","""Yellow Moon""",Star Guard Mission,3.7
179,"""Hidden Jutsu! The Price of Ninja Art: Kujaku""",12 April 2006,5 July 2008,"['Naruto Uzumaki', 'Rock Lee', 'Neji Hyūga', 'Tenten', 'Natsuhi', 'Sumaru', 'Hokuto', 'Mizura', 'Third: Hoshikage', 'Akahoshi', 'Yotaka', 'Shisō', 'Sumaru (boyhood)', 'Medical ninja', 'Boys ninja']","""Re:member""","""Yellow Moon""",Star Guard Mission,3.8
180,"""Hoshikage: The Buried Truth""",19 April 2006,5 July 2008,"['Naruto Uzumaki', 'Rock Lee', 'Neji Hyūga', 'Tenten', 'Natsuhi', 'Hotarubi', 'Sumaru', 'Hokuto', 'Mizura', 'Third: Hoshikage', 'Akahoshi', 'Yotaka', 'Shisō', 'Ninja']","""Re:member""","""Yellow Moon""",Star Guard Mission,3.7
181,"""Reunion: The Remaining Time""",26 April 2006,26 July 2008,"['Naruto Uzumaki', 'Rock Lee', 'Neji Hyūga', 'Tenten', 'Natsuhi', 'Hotarubi', 'Sumaru', 'Sumaru (Childhood)', 'Akahoshi', 'Yotaka', 'Shisō', 'Hokuto', 'Boy ninja']","""Re:member""","""Yellow Moon""",Star Guard Mission,3.7
182,"""The Star's Radiance""",3 May 2006,26 July 2008,"['Naruto Uzumaki', 'Rock Lee', 'Neji Hyūga', 'Tenten', 'Shizune', 'Fifth Hokage: Tsunade', 'Natsuhi', 'Sumaru', 'Hokuto', 'Mizura', 'Akahoshi', 'Yotaka', 'Shisō', 'Hoshi shinobi']","""Re:member""","""Yellow Moon""",Star Guard Mission,3.6
183,"""Kiba's Long Day""",10 May 2006,2 August 2008,"['Naruto Uzumaki', 'Kiba Inuzuka', 'Hana Inuzuka', 'Fifth Hokage: Tsunade', 'Shizune', 'Hinata Hyūga', 'Shino Aburame', 'Konoha Anbu']","""Re:member""","""Yellow Moon""",None,3.7
184,"""A Legend from the Hidden Leaf: The Onbaa!""",17 May 2006,2 August 2008,"['Naruto Uzumaki', 'Sakura Haruno', 'Onbu/Ayame', 'Onbaa', 'Fifth Hokage: Tsunade', 'Shizune', 'Kiba Inuzuka', 'Hinata Hyūga', 'Rock Lee', 'Jiraiya (Childhood)', 'Tsunade (Childhood)', 'Orochimaru (Childhood)', 'Teuchi', 'Bandit']","""Re:member""","""Yellow Moon""",None,3.9
185,"""Laughing Shino""",24 May 2006,9 August 2008,"['Naruto Uzumaki', 'Shino Aburame', 'Fifth Hokage: Tsunade', 'Shizune', 'Tōbei Kagetsu', 'Yōichi Kagetsu', 'Tsukiko Kagetsu', 'Fūta Kagetsu', 'Mai Kagetsu', 'Jiraiya', 'Monk', 'Fūta (boyhood)', 'Tsukiko (childhood)']","""Re:member""","""Yellow Moon""",None,4.0
186,"""Open for Business! The Leaf Moving Service""",31 May 2006,9 August 2008,"['Naruto Uzumaki', 'Chōji Akimichi', 'Hinata Hyūga', 'Fifth Hokage: Tsunade', 'Shizune', 'Shun', 'Yurinoshin', 'Kikusuke', 'Old woman', 'Momiji', 'Renga', 'Jiga', 'Ruiga', 'Minister', 'Shinobi']","""Re:member""","""Yellow Moon""",Peddlers Escort Mission,3.4
187,"""The Mystery of the Targeted Merchants""",7 June 2006,16 August 2008,"['Naruto Uzumaki', 'Chōji Akimichi', 'Hinata Hyūga', 'Haruna princess', 'Yurinojō', 'Ruiga', 'Old woman', 'Momiji', 'Old man', 'Young man']","""Re:member""","""Yellow Moon""",Peddlers Escort Mission,3.4
188,"""A Limitless Supply of Ninja Tools""",14 June 2006,16 August 2008,"['Naruto Uzumaki', 'Chōji Akimichi', 'Hinata Hyūga', 'Haruna princess', 'Yurinojō', 'Jiga', 'Ruiga']","""Re:member""","""Yellow Moon""",Peddlers Escort Mission,3.4
189,"""The Byakugan Sees the Blind Spot!""",21 June 2006,23 August 2008,"['Naruto Uzumaki', 'Chōji Akimichi', 'Hinata Hyūga', 'Haruna princess', 'Yurinojō', 'Renga', 'Jiga', 'Fifth Hokage: Tsunade', 'Shizune']","""Re:member""","""Yellow Moon""",Peddlers Escort Mission,3.6
190,"""Forecast: Death! Cloudy with Chance of Sun!""",28 June 2006,23 August 2008,"['Naruto Uzumaki', 'Chōji Akimichi', 'Hinata Hyūga', 'Haruna princess', 'Yurinojō', ""Haruna's father"", 'Renga', 'Shikamaru Nara', 'Shizune']","""Re:member""","""Yellow Moon""",Peddlers Escort Mission,3.4
191,"""Ino Screams! Chubby Paradise!""",5 July 2006,30 August 2008,"['Naruto Uzumaki', 'Ino Yamanaka', 'Chikara', 'Chamber maid', 'Gal Naruto', 'Chamberlain voice cooperation', 'Fifth Hokage: Tsunade']","""Re:member""","""Pinocchio""",None,3.5
192,"""Viva Dojo Challenge! Youth is All About Passion!""",12 July 2006,30 August 2008,"['Naruto Uzumaki', 'Sakura Haruno', 'Rock Lee', 'Might Guy', 'Nanafushi', 'Shikamaru Nara', 'Ino Yamanaka', 'Chōji Akimichi', 'Kotetsu Hagane', 'Izumo Kamizuki', 'Shizune', 'Martial arts master', 'Fifth Hokage: Tsunade']","""Re:member""","""Pinocchio""",None,3.8
193,"""The Mysterious Curse of the Haunted Castle""",19 July 2006,6 September 2008,"['Naruto Uzumaki', 'Kiba Inuzuka', 'Hinata Hyūga', 'Shizune', 'Kayo', 'Samurai', 'Maid', 'Bodyguard', 'Kubisaki castle creepy voice', 'Fifth Hokage: Tsunade']","""Re:member""","""Pinocchio""",None,3.2
194,"""The Third Super-Beast!""",26 July 2006,6 September 2008,"['Naruto Uzumaki', 'Rock Lee', 'Neji Hyūga', 'Tenten', 'Might Guy', 'Sakura Haruno', 'Shizune', 'Yagura', 'Fifth Hokage: Tsunade']","""Re:member""","""Pinocchio""",Third Great Beast Arc,3.7
195,"""Hot-Blooded Confrontation: Student vs. Sensei""",9 August 2006,13 September 2008,"['Naruto Uzumaki', 'Rock Lee', 'Neji Hyūga', 'Tenten', 'Might Guy', 'Sakura Haruno', 'Genshō', 'Rokkaku', 'Jakō']","""Re:member""","""Pinocchio""",Third Great Beast Arc,3.9
196,"""Crisis: The Konoha 11 Gather!""",16 August 2006,13 September 2008,"['Naruto Uzumaki', 'Sakura Haruno', 'Shikamaru Nara', 'Ino Yamanaka', 'Chōji Akimichi', 'Rock Lee', 'Neji Hyūga', 'Tenten', 'Kiba Inuzuka', 'Hinata Hyūga', 'Shino Aburame', 'Might Guy', 'Shizune', 'Gennō', 'Kanna', 'Teuchi', 'Ayame', 'Young carpenter', 'Konoha Anbu', ""Gennō's landlord"", 'Fifth Hokage: Tsunade']","""Re:member""","""Pinocchio""",Konoha Plans Recapture Mission,3.9
197,"""The Anbu Gives Up? Naruto's Recollection""",23 August 2006,20 September 2008,"['Naruto Uzumaki', 'Sakura Haruno', 'Shikamaru Nara', 'Ino Yamanaka', 'Chōji Akimichi', 'Rock Lee', 'Neji Hyūga', 'Tenten', 'Kiba Inuzuka', 'Hinata Hyūga', 'Shino Aburame', 'Might Guy', 'Shizune', 'Kotetsu Hagane', 'Gennō', 'Kanna', 'Teuchi', 'Konoha Anbu', 'Fifth Hokage: Tsunade']","""Re:member""","""Pinocchio""",Konoha Plans Recapture Mission,3.9
198,"""The Missed Target""",30 August 2006,20 September 2008,"['Naruto Uzumaki', 'Sakura Haruno', 'Shikamaru Nara', 'Ino Yamanaka', 'Chōji Akimichi', 'Rock Lee', 'Neji Hyūga', 'Tenten', 'Kiba Inuzuka', 'Hinata Hyūga', 'Shino Aburame', 'Shizune', 'Izumo Kamizuki', 'Academy students', 'Fifth Hokage: Tsunade']","""Re:member""","""Pinocchio""",Konoha Plans Recapture Mission,4.0
199,"""The Powerful Helper""",13 September 2006,4 October 2008,"['Naruto Uzumaki', 'Sakura Haruno', 'Shikamaru Nara', 'Ino Yamanaka', 'Chōji Akimichi', 'Rock Lee', 'Neji Hyūga', 'Tenten', 'Kiba Inuzuka', 'Hinata Hyūga', 'Shino Aburame', 'Might Guy', 'Shizune', 'Gennō', 'Kanna', 'Academy students', 'Homura Mitokado', 'Koharu Utatane', 'Fifth Hokage: Tsunade']","""Re:member""","""Pinocchio""",Konoha Plans Recapture Mission,4.0
200,"""Multiple Traps! Countdown to Destruction""",20 September 2006,18 October 2008,"['Naruto Uzumaki', 'Sakura Haruno', 'Shikamaru Nara', 'Ino Yamanaka', 'Chōji Akimichi', 'Rock Lee', 'Neji Hyūga', 'Tenten', 'Kiba Inuzuka', 'Hinata Hyūga', 'Shino Aburame', 'Might Guy', 'Shizune', 'Gennō', 'Fifth Hokage: Tsunade']","""Re:member""","""Pinocchio""",Konoha Plans Recapture Mission,4.2
201,"""The Top 5 Ninja Battles!""",27 September 2006,1 November 2008,"['Naruto Uzumaki', 'Sakura Haruno', 'Chōji Akimichi', 'Kiba Inuzuka', 'Neji Hyūga', 'Jiraiya', 'Orochimaru', 'Sasuke Uchiha', 'Kakashi Hatake', 'Might Guy', 'Kidōmaru', 'Sakon', 'Jirōbō', 'Zabuza Momochi']","""Re:member""","""Pinocchio""",None,3.2
202,"""Kurenai's Decision: Team 8 Left Behind""",5 October 2006,15 November 2008,"['Naruto Uzumaki', 'Sakura Haruno', 'Kiba Inuzuka', 'Hinata Hyūga', 'Shino Aburame', 'Kurenai Yūhi', 'Yakumo Kurama', 'Might Guy', 'Rock Lee', 'Shizune', 'Fifth Hokage: Tsunade', 'Third Hokage: Sarutobi', 'Konoha Anbu', 'Medical ninja', 'Konoha shinobi']","""Swaying""","""Scenario""",Yakumo Kurama Rescue Mission,3.8
203,"""Yakumo's Sealed Power""",5 October 2006,22 November 2008,"['Naruto Uzumaki', 'Sakura Haruno', 'Kiba Inuzuka', 'Hinata Hyūga', 'Shino Aburame', 'Kurenai Yūhi', 'Yakumo Kurama', 'Might Guy', 'Shizune', 'Fifth Hokage: Tsunade', 'Unkai', 'Konoha Anbu', 'Medical ninja', 'Kurama shinobi']","""Swaying""","""Scenario""",Yakumo Kurama Rescue Mission,3.6
204,"""Kurenai's Top Secret Mission: The Promise with the Third Hokage""",5 October 2006,27 December 2008,"['Naruto Uzumaki', 'Sakura Haruno', 'Kiba Inuzuka', 'Hinata Hyūga', 'Shino Aburame', 'Kurenai Yūhi', 'Yakumo Kurama', 'Unkai', 'Might Guy', 'Third Hokage: Sarutobi', 'Kurama shinobi']","""Swaying""","""Scenario""",Yakumo Kurama Rescue Mission,3.8
205,"""Genjutsu or Reality?""",19 October 2006,3 January 2009,"['Naruto Uzumaki', 'Sakura Haruno', 'Kiba Inuzuka', 'Hinata Hyūga', 'Shino Aburame', 'Kurenai Yūhi', 'Yakumo Kurama', 'Unkai', 'Might Guy', 'Konoha Anbu', 'Medical ninja']","""Swaying""","""Scenario""",Yakumo Kurama Rescue Mission,3.6
206,"""The Supposed Sealed Ability""",26 October 2006,10 January 2009,"['Naruto Uzumaki', 'Sakura Haruno', 'Kiba Inuzuka', 'Hinata Hyūga', 'Shino Aburame', 'Kurenai Yūhi', 'Yakumo Kurama', 'Unkai', 'Might Guy', 'Third Hokage: Sarutobi', 'Murakumo Kurama', 'Uroko Kurama']","""Swaying""","""Scenario""",Yakumo Kurama Rescue Mission,3.8
207,"""The Weight of the Prized Artefact!""",2 November 2006,24 January 2009,"['Naruto Uzumaki', 'Kiba Inuzuka', 'Fifth Hokage: Tsunade', ""Shin'emon"", 'Band of thieves: boss', 'Worker', 'Rōnin', 'Mistress']","""Swaying""","""Scenario""",None,2.9
208,"""The Enemy: Ninja Dropouts""",9 November 2006,31 January 2009,"['Naruto Uzumaki', 'Sakura Haruno', 'Rock Lee', 'Fifth Hokage: Tsunade', 'Shizune', 'Gantetsu', 'Todoroki', 'Akio', 'Akio (child)', 'Shura', 'Monju', 'Toki', 'Tsuzumi', 'Child']","""Swaying""","""Scenario""",Gantetsu Escort Mission,3.4
209,"""The Bewildering Forest""",16 November 2006,25 October 2009,"['Naruto Uzumaki', 'Sakura Haruno', 'Rock Lee', 'Gantetsu', 'Todoroki', 'Shura', 'Toki', 'Tsuzumi']","""Swaying""","""Scenario""",Gantetsu Escort Mission,3.7
210,"""Memory of Flames""",30 November 2006,25 October 2009,"['Naruto Uzumaki', 'Sakura Haruno', 'Rock Lee', 'Gantetsu', 'Todoroki', 'Akio', 'Monju', 'Teacher', 'Boys']","""Swaying""","""Scenario""",Gantetsu Escort Mission,3.6
211,"""To Each His Own Path""",7 December 2006,8 November 2009,"['Naruto Uzumaki', 'Sakura Haruno', 'Rock Lee', 'Gantetsu', 'Todoroki', 'Akio', 'Akio (child)', 'Shura', 'Monju', 'Boys and girls']","""Swaying""","""Scenario""",Gantetsu Escort Mission,3.9
212,"""Vanished Memories""",14 December 2006,8 November 2009,"['Naruto Uzumaki', 'Sakura Haruno', 'Menma', 'Fifth Hokage: Tsunade', 'Shizune', 'Fuki', ""Fuki's father"", 'Shiin', 'Teuchi', 'Thief', 'Medical team', 'Woman']","""Swaying""","""Scenario""",Menma Memory Search Mission,3.7
213,"""Bringing Back Reality""",21 December 2006,15 November 2009,"['Naruto Uzumaki', 'Neji Hyūga', 'Tenten', 'Menma', 'Fifth Hokage: Tsunade', 'Shizune', 'Teuchi', 'Shiin', 'Fuki', 'Nan', 'Ran']","""Swaying""","""Scenario""",Menma Memory Search Mission,3.9
214,"""A Past to Be Erased""",21 December 2006,15 November 2009,"['Naruto Uzumaki', 'Neji Hyūga', 'Tenten', 'Menma', 'Fifth Hokage: Tsunade', 'Shizune', 'Shiin', 'Fuki', 'Nan', 'Ran', 'Thieves']","""Swaying""","""Scenario""",Menma Memory Search Mission,4.4
215,"""The Targeted Shukaku""",11 January 2007,22 November 2009,"['Naruto Uzumaki', 'Sakura Haruno', 'Shikamaru Nara', 'Chōji Akimichi', 'Ino Yamanaka', 'Kiba Inuzuka', 'Rock Lee', 'Gaara', 'Temari', 'Kankurō', 'Baki', 'Matsuri', 'Hōki', 'Ryūgan', 'Suiko', 'Kujaku', 'Kakashi Hatake', 'Pakkun', 'Shizune', 'Suna senior', 'Bodyguard ninja', 'Fifth Hokage: Tsunade']","""Swaying""","""Scenario""",Sunagakure Support Mission,4.1
216,"""Sand Alliance With the Leaf Shinobi""",18 January 2007,22 November 2009,"['Naruto Uzumaki', 'Sakura Haruno', 'Shikamaru Nara', 'Chōji Akimichi', 'Ino Yamanaka', 'Gaara', 'Temari', 'Kankurō', 'Kiba Inuzuka', 'Hinata Hyūga', 'Shino Aburame', 'Rock Lee', 'Neji Hyūga', 'Matsuri', 'Hōki', 'Ryūgan', 'Suiko', 'Kujaku']","""Swaying""","""Scenario""",Sunagakure Support Mission,4.2
217,"""Sealed Sand: The Counterattack!""",25 January 2007,29 November 2009,"['Naruto Uzumaki', 'Sakura Haruno', 'Shikamaru Nara', 'Chōji Akimichi', 'Ino Yamanaka', 'Gaara', 'Temari', 'Kankurō', 'Kiba Inuzuka', 'Hinata Hyūga', 'Shino Aburame', 'Rock Lee', 'Neji Hyūga', 'Matsuri', 'Hōki', 'Ryūgan', 'Suiko', 'Kujaku']","""Swaying""","""Scenario""",Sunagakure Support Mission,4.2
218,"""The Ultimate Weapon Reborn""",1 February 2007,29 November 2009,"['Naruto Uzumaki', 'Sakura Haruno', 'Shikamaru Nara', 'Fifth Hokage: Tsunade', 'Kakashi Hatake', 'Ino Yamanaka', 'Rock Lee', 'Neji Hyūga', 'Hinata Hyūga', 'Shino Aburame', 'Gaara', 'Temari', 'Matsuri', 'Hōki', 'Seimei']","""Swaying""","""Scenario""",Sunagakure Support Mission,4.0
219,"""Departure """,8 February 2007,6 December 2009,"['Naruto Uzumaki', 'Sakura Haruno', 'Kakashi Hatake', 'Iruka', 'Fifth Hokage: Tsunade', 'Jiraiya', 'Shikamaru Nara', 'Chōji Akimichi', 'Ino Yamanaka', 'Gaara', 'Temari', 'Kankurō', 'Matsuri', 'Rock Lee', 'Neji Hyūga', 'Tenten', 'Kiba Inuzuka', 'Hinata Hyūga', 'Shino Aburame', 'Seimei']","""Swaying""","""Scenario""",Sunagakure Support Mission,4.4
